error_scenario,curve_scenario,replicate,basis_dimension,experiment,status,reason,curve_RMSE,pointwise_95_coverage,mean_interval_width,covered_lag_0,covered_lag_1,covered_lag_2,covered_lag_3,covered_lag_4,covered_lag_5,covered_lag_6,optimizer_attempts,warning_messages,covariance_adjusted,log_likelihood,estimate_lag_0,se_lag_0,estimate_lag_1,se_lag_1,estimate_lag_2,se_lag_2,estimate_lag_3,se_lag_3,estimate_lag_4,se_lag_4,estimate_lag_5,se_lag_5,estimate_lag_6,se_lag_6,fit_seconds
AR2_errors,broad_peak_followup,1,3,followup_shapes,success,,0.05316656434711828,0.7142857142857143,0.10174520322927212,1,1,0,0,1,1,1,"[{""optimizer"": ""lbfgs"", ""converged"": true, ""log_likelihood"": -5.391330492852872, ""valid"": true}]",,False,-5.391330492852872,-0.01277896446565036,0.0353520651903754,0.15819992889531462,0.01878945385135449,0.26372220007417,0.022601213682611095,0.3037878490709158,0.02651092554128223,0.27839687588555195,0.023849849427224193,0.18754928051807848,0.02021098934457065,0.031245062968495378,0.03437336587199642,7.63635016399985
AR2_errors,broad_peak_followup,1,5,followup_shapes,success,,0.04767798204845501,0.8571428571428571,0.13781714950562535,1,1,0,1,1,1,1,"[{""optimizer"": ""lbfgs"", ""converged"": true, ""log_likelihood"": -2.9020855161543597, ""valid"": true}]",,False,-2.9020855161543597,-0.003817212984173704,0.035628537298708664,0.0938526657887549,0.03885185154493404,0.2574358142638307,0.02811532077737505,0.34970718675428303,0.033156654446003346,0.31317444754257867,0.03537950768983522,0.17007797088042256,0.040998452298955435,0.022390840988756714,0.0339717286328049,3.839732376000029
AR2_errors,broad_peak_followup,1,7,followup_shapes,success,,0.04749317369222826,1.0,0.15312273191319298,1,1,1,1,1,1,1,"[{""optimizer"": ""lbfgs"", ""converged"": true, ""log_likelihood"": -2.8457058592167757, ""valid"": true}]",,False,-2.8457058592167757,-0.0043212956327865655,0.03604748189350003,0.09205548921570937,0.03853169850008711,0.2597713474821393,0.035621142663746455,0.353983206139892,0.04454398868122158,0.30502075674597157,0.044276944749260194,0.17375321205565722,0.04015092592402872,0.022019505463574885,0.03426126743314338,3.8570985849999033
AR2_errors,two_peak_followup,1,3,followup_shapes,success,,0.11538114368707016,0.5714285714285714,0.11521175027043255,1,0,1,0,1,0,1,"[{""optimizer"": ""lbfgs"", ""converged"": true, ""log_likelihood"": -25.610447362750943, ""valid"": true}]",,False,-25.610447362750943,0.0954131668626923,0.04198003558750577,0.09552951890003702,0.02239349415172258,0.09521480559591305,0.025781856117335154,0.0944690269503204,0.0294059338814631,0.09329218296325907,0.02519509957810255,0.09168427363472904,0.020709835204668587,0.08964529896473034,0.04026901381926038,14.09430066699997
AR2_errors,two_peak_followup,1,5,followup_shapes,success,,0.04838957839804348,0.8571428571428571,0.1368542611123497,1,1,0,1,1,1,1,"[{""optimizer"": ""lbfgs"", ""converged"": true, ""log_likelihood"": -3.180838166948398, ""valid"": true}]",,False,-3.180838166948398,0.035291831849120804,0.03539748726108691,0.22674738087381513,0.03845724418867841,0.036951555607148974,0.027854077183414237,-0.05682207070290813,0.03286492247564005,0.09273014782624203,0.03496275519180871,0.30294192971182665,0.040709083851245,0.06117706610570221,0.03413703897732257,3.4643107100000634
AR2_errors,two_peak_followup,1,7,followup_shapes,success,,0.047493157021948854,1.0,0.15312272104420446,1,1,1,1,1,1,1,"[{""optimizer"": ""lbfgs"", ""converged"": true, ""log_likelihood"": -2.8457058770938968, ""valid"": true}]",,False,-2.8457058770938968,0.0334123224618019,0.03604749364081606,0.22761056345513964,0.03853168672128919,0.03135138357319761,0.035621135740772365,-0.04074057953855717,0.04454399367537278,0.07660079643653558,0.0442769415690703,0.309308195580407,0.04015090764878554,0.059753179678059015,0.034261271439973116,8.552308641999844
AR2_errors,broad_peak_followup,2,3,followup_shapes,success,,0.046427707448962775,0.42857142857142855,0.08120976286630519,1,0,0,1,0,0,1,"[{""optimizer"": ""lbfgs"", ""converged"": true, ""log_likelihood"": 23.78444515933969, ""valid"": true}]",,False,23.78444515933969,0.029459114507631178,0.030938079776212535,0.23573986758857743,0.01788903780435203,0.3599559888168663,0.01648934313275165,0.4021074781924978,0.017665160297528272,0.3621943357154718,0.016288521919626455,0.24021656138578856,0.016794690534955328,0.036174155203447786,0.028952600224404414,2.409044392000169
AR2_errors,broad_peak_followup,2,5,followup_shapes,success,,0.04183634642076515,0.8571428571428571,0.10545350266943358,1,1,1,1,1,0,1,"[{""optimizer"": ""lbfgs"", ""converged"": true, ""log_likelihood"": 24.039314218358875, ""valid"": true}]",,False,24.039314218358875,0.03278409428552984,0.03019067831721173,0.22367339583727006,0.03243606104704848,0.36201876514163256,0.021539004475554045,0.41303528974744885,0.02369331685898136,0.3649492927571055,0.022840260811089145,0.22899833282654383,0.027011442391765225,0.039431204165259616,0.03059906229376716,3.0591560120001304
AR2_errors,broad_peak_followup,2,7,followup_shapes,success,,0.04206014087027753,0.8571428571428571,0.11835239423755547,1,0,1,1,1,1,1,"[{""optimizer"": ""lbfgs"", ""converged"": true, ""log_likelihood"": 24.45984780288189, ""valid"": true}]",,False,24.45984780288189,0.03287561822334397,0.030253924630726514,0.23417609420110905,0.03487252955030901,0.3438158965169432,0.029170614499482814,0.4211225405278217,0.025698621939650494,0.3720677258994214,0.030214479962217693,0.2210488130308921,0.03052880716888783,0.040524891046758126,0.03060458338721755,3.6577476659999775
AR2_errors,two_peak_followup,2,3,followup_shapes,success,,0.11409152098870558,0.2857142857142857,0.10130567112127017,1,0,0,0,0,0,1,"[{""optimizer"": ""lbfgs"", ""converged"": true, ""log_likelihood"": -24.418315107472843, ""valid"": true}]",,False,-24.418315107472843,0.1262876795823674,0.03991580971353902,0.16141596457856308,0.020509437557909807,0.1824427631739762,0.020885690902749127,0.18936807536860667,0.02321488810935385,0.1821919011624546,0.019293844013315093,0.1609142405555199,0.018004425844294906,0.1255350935478026,0.039078888003963516,8.089659333999862
AR2_errors,two_peak_followup,2,5,followup_shapes,success,,0.04354665656978237,0.5714285714285714,0.10532367494010894,1,1,0,1,0,0,1,"[{""optimizer"": ""lbfgs"", ""converged"": true, ""log_likelihood"": 23.502644235867255, ""valid"": true}]",,False,23.502644235867255,0.06966672504591526,0.030267166070826745,0.3571474780911914,0.03239974361550503,0.14178342652791232,0.021442910444473676,0.006414107078198805,0.023666712503036383,0.14504373026231443,0.022712826958389297,0.362841180398666,0.026800190016919814,0.07614001560380358,0.030788441355329314,3.384781159000113
AR2_errors,two_peak_followup,2,7,followup_shapes,success,,0.04207287967712102,0.8571428571428571,0.11835391599740676,1,0,1,1,1,1,1,"[{""optimizer"": ""lbfgs"", ""converged"": true, ""log_likelihood"": 24.45983716191388, ""valid"": true}]",,False,24.45983716191388,0.07062188084736962,0.030254540290303538,0.36974854477974206,0.034873609750846725,0.11541757902209299,0.029169735997770348,0.02642092561995313,0.025699017522147396,0.14366710362881716,0.030215780322795188,0.3566230088311908,0.03052806470626834,0.07827784738204345,0.03060552997666625,3.477343223999924
AR2_errors,broad_peak_followup,3,3,followup_shapes,success,,0.04204084267086246,0.8571428571428571,0.12492356055089224,1,1,1,0,1,1,1,"[{""optimizer"": ""lbfgs"", ""converged"": true, ""log_likelihood"": -5.130501063941616, ""valid"": true}]",,False,-5.130501063941616,0.03834189598567354,0.034386027785642044,0.20837957631627926,0.02819646470382374,0.30692210815034804,0.031295919793950085,0.33396949148787974,0.032845142488568145,0.2895217263288744,0.030225625692843486,0.17357881267333206,0.02795442982918065,-0.013859249478747355,0.03817417640401371,7.200579640999877
AR2_errors,broad_peak_followup,3,5,followup_shapes,success,,0.03277451981272271,1.0,0.14845542467584466,1,1,1,1,1,1,1,"[{""optimizer"": ""lbfgs"", ""converged"": true, ""log_likelihood"": -3.748900144069452, ""valid"": true}]",,False,-3.748900144069452,0.035287529298409004,0.033990416414012424,0.17734878753033365,0.04207604980351194,0.3201934156329711,0.03715074038906295,0.36950051120712185,0.037829365547313115,0.29584498901768946,0.0367631767331549,0.13469758099368048,0.04003813623009263,-0.013575163771795733,0.03725108751828891,3.065841331999991
AR2_errors,broad_peak_followup,3,7,followup_shapes,success,,0.03331404619040016,1.0,0.16230117479778966,1,1,1,1,1,1,1,"[{""optimizer"": ""lbfgs"", ""converged"": true, ""log_likelihood"": -3.688242976647387, ""valid"": true}]",,False,-3.688242976647387,0.037316188421904185,0.03515162487436763,0.18133803872327095,0.043989251585295916,0.31279506649799843,0.04400284406179544,0.36995898646414427,0.04338835134915319,0.3029838468521366,0.04448373405983931,0.1308136197093971,0.04096366611571996,-0.015228050977890423,0.03784405437845292,4.160385271999985
AR2_errors,two_peak_followup,3,3,followup_shapes,success,,0.12581512232148925,0.42857142857142855,0.13569305181261127,1,0,0,0,1,0,1,"[{""optimizer"": ""lbfgs"", ""converged"": true, ""log_likelihood"": -36.45971261640187, ""valid"": true}]",,False,-36.45971261640187,0.08073836960158194,0.04002820238225136,0.13235848065784633,0.028264660023487164,0.1586859564995859,0.03257109020124263,0.1597207971268006,0.03481183170588195,0.13546300253949045,0.03070845543124996,0.08591257273765547,0.028512646867514667,0.011069507721295646,0.04741213448232096,3.1170808179999767
AR2_errors,two_peak_followup,3,5,followup_shapes,success,,0.03565080075958655,1.0,0.14864322197854873,1,1,1,1,1,1,1,"[{""optimizer"": ""lbfgs"", ""converged"": true, ""log_likelihood"": -4.006075759830126, ""valid"": true}]",,False,-4.006075759830126,0.06920280194289091,0.03384746835386878,0.3139716163438839,0.04238950182605934,0.1002008749542667,0.0371745188151854,-0.03916838534364316,0.03766479369245497,0.07562361305186682,0.0366227785927301,0.2711553884619047,0.040111739114412806,0.020824199926974308,0.037623524566982786,7.4026034260000415
AR2_errors,two_peak_followup,3,7,followup_shapes,success,,0.033303447992017225,1.0,0.16230241514467242,1,1,1,1,1,1,1,"[{""optimizer"": ""lbfgs"", ""converged"": true, ""log_likelihood"": -3.688243078449133, ""valid"": true}]",,False,-3.688243078449133,0.0750483903308409,0.035152204782656106,0.3168808903727032,0.0439912873515575,0.08435496943785642,0.04400376384765588,-0.024772747296964756,0.043387848224159954,0.0745742886637584,0.0444830616487769,0.2663876161203089,0.04096497230062416,0.022532449144503863,0.03784260317434171,4.170993287999863
AR2_errors,broad_peak_followup,4,3,followup_shapes,success,,0.04448911084476047,0.7142857142857143,0.0969628031763162,1,1,1,0,1,0,1,"[{""optimizer"": ""lbfgs"", ""converged"": true, ""log_likelihood"": 12.06918368184797, ""valid"": true}]",,False,12.06918368184797,0.057834185891637906,0.03323455225893176,0.19798929135601173,0.022884151418984776,0.28378444268984737,0.022590081628971925,0.3152196398931448,0.022714407930524226,0.29229488296590395,0.019672703279954216,0.2150101719081249,0.019101424250973786,0.0833655067198076,0.03295054204650966,3.199943398999949
AR2_errors,broad_peak_followup,4,5,followup_shapes,success,,0.019241024748591087,1.0,0.12966507689896528,1,1,1,1,1,1,1,"[{""optimizer"": ""lbfgs"", ""converged"": true, ""log_likelihood"": 14.860492839812432, ""valid"": true}]",,False,14.860492839812432,0.0511084615854304,0.03321843632540819,0.1423370792995508,0.0366108835287515,0.29389528970816786,0.034446954176785075,0.370037921064511,0.034240792508491776,0.3204473580476612,0.027275024465187626,0.1802335417625511,0.0346837361136676,0.06993396973996416,0.031068953058431947,7.100284998999996
AR2_errors,broad_peak_followup,4,7,followup_shapes,success,,0.019667206549298804,1.0,0.13956679847272996,1,1,1,1,1,1,1,"[{""optimizer"": ""lbfgs"", ""converged"": true, ""log_likelihood"": 15.241389269810513, ""valid"": true}]",,False,15.241389269810513,0.05308978874562532,0.033741779398379836,0.14405361436115655,0.0394067511597068,0.2810644802641777,0.0377982289123695,0.38445060286878935,0.03813493711532246,0.3159334957801002,0.033681305919879945,0.17898260818967032,0.03562048761405522,0.07085284644028081,0.030842935724446897,3.519091077999974
AR2_errors,two_peak_followup,4,3,followup_shapes,success,,0.12698099550080455,0.2857142857142857,0.10599861640477859,1,0,0,0,0,0,1,"[{""optimizer"": ""lbfgs"", ""converged"": true, ""log_likelihood"": -17.7829815545704, ""valid"": true}]",,False,-17.7829815545704,0.031936930399042864,0.039617207816711936,0.11516209341937346,0.020703980786746397,0.16669723709117223,0.02336934048564207,0.18654236141443917,0.026221999369499507,0.1746974663891742,0.021522233861919385,0.13116255201537744,0.01810000119162541,0.05593761829304877,0.03974848006781708,2.8768952890000037
AR2_errors,two_peak_followup,4,5,followup_shapes,success,,0.021507401031008073,1.0,0.13027379592486085,1,1,1,1,1,1,1,"[{""optimizer"": ""lbfgs"", ""converged"": true, ""log_likelihood"": 13.905185250757432, ""valid"": true}]",,False,13.905185250757432,0.08783162361189105,0.03344805766168278,0.27767404709858645,0.03664087861427298,0.07359068284428608,0.034761661289885386,-0.03802603368584922,0.034372213644746415,0.0999297854130999,0.0271882801625563,0.3152774804858115,0.03485742054812198,0.10654984431672285,0.031363266515985685,3.484367721999888
AR2_errors,two_peak_followup,4,7,followup_shapes,success,,0.019667998589500923,1.0,0.13956648948564002,1,1,1,1,1,1,1,"[{""optimizer"": ""lbfgs"", ""converged"": true, ""log_likelihood"": 15.24138932104769, ""valid"": true}]",,False,15.24138932104769,0.09082480678465192,0.033741941671854715,0.2796093901327581,0.039406345840293386,0.05264193796694702,0.03779826953072934,-0.010279990382783613,0.03813468007280229,0.08750404239319616,0.03368121792825499,0.3145327570701695,0.03562022790168295,0.10858369827694152,0.030843191135882395,7.112574488999826
AR2_errors,broad_peak_followup,5,3,followup_shapes,success,,0.034353295944288105,0.5714285714285714,0.08269952456395017,1,0,1,0,1,0,1,"[{""optimizer"": ""lbfgs"", ""converged"": true, ""log_likelihood"": 22.427167328016143, ""valid"": true}]",,False,22.427167328016143,0.04358428834965731,0.03400376099372416,0.21315069533411327,0.014663483017683802,0.31585939531235435,0.016230209995889085,0.35171038828438045,0.020283921041324524,0.3207036742501915,0.01800076366905364,0.22283925320978767,0.014870346028728477,0.05811712516316884,0.029625237689221633,4.9653783960000055
AR2_errors,broad_peak_followup,5,5,followup_shapes,success,,0.011527590230463776,1.0,0.11306134040474393,1,1,1,1,1,1,1,"[{""optimizer"": ""lbfgs"", ""converged"": true, ""log_likelihood"": 27.090169424211766, ""valid"": true}]",,False,27.090169424211766,0.057049061533272924,0.03416387009093864,0.14853486785006306,0.031859231754335096,0.32663004841157917,0.022192714837675154,0.4111327890954794,0.029166138908180192,0.3394763958443367,0.02374665957585139,0.16672929466563868,0.03014503227314502,0.06559503163178729,0.03062160328263157,11.954424578000044
AR2_errors,broad_peak_followup,5,7,followup_shapes,success,,0.018588075187343983,1.0,0.12875857835160065,1,1,1,1,1,1,1,"[{""optimizer"": ""lbfgs"", ""converged"": true, ""log_likelihood"": 27.881482967978947, ""valid"": true}]",,False,27.881482967978947,0.04704539389291952,0.03398292370111441,0.1368496799223491,0.035088022508761536,0.32766679850306846,0.03057039208177434,0.4297822681106303,0.03068120660624243,0.3036330355448958,0.03574423020260181,0.18339002434904528,0.0338636336815863,0.05951968647060525,0.029995623988634614,5.745900945999892
AR2_errors,two_peak_followup,5,3,followup_shapes,success,,0.10784675049566388,0.2857142857142857,0.08845758117805713,1,0,0,0,0,0,1,"[{""optimizer"": ""lbfgs"", ""converged"": true, ""log_likelihood"": 1.9953900845964538, ""valid"": true}]",,False,1.9953900845964538,0.11693883233028679,0.037756220011119106,0.13362285327371176,0.01711538186358357,0.14529469054545388,0.016893655233733734,0.1519543441455131,0.020561221587305983,0.15360181407388943,0.01821563486787754,0.15023710033058285,0.015691238828894317,0.1418602029155934,0.03172661399687348,9.945575932999873
AR2_errors,two_peak_followup,5,5,followup_shapes,success,,0.01566021466451405,1.0,0.11341792768396788,1,1,1,1,1,1,1,"[{""optimizer"": ""lbfgs"", ""converged"": true, ""log_likelihood"": 25.996458227570976, ""valid"": true}]",,False,25.996458227570976,0.09558730652866827,0.03400744835203964,0.2779686862032654,0.03213222191062757,0.10491968239939028,0.02204706522742007,0.00584686667450868,0.029362821189081772,0.12080953666120645,0.024012007555942905,0.3005197160671898,0.03002791027773732,0.10634215467528554,0.030942539208521948,6.019123057000115
AR2_errors,two_peak_followup,5,7,followup_shapes,success,,0.01831367635696201,1.0,0.12812669714749716,1,1,1,1,1,1,1,"[{""optimizer"": ""lbfgs"", ""converged"": true, ""log_likelihood"": 28.08757285777159, ""valid"": true}]",,False,28.08757285777159,0.08949320440542158,0.034103856838452344,0.2781045968415484,0.03476128257770643,0.10241782504709614,0.030193959083450964,0.03694613692795591,0.03074383199477847,0.0780953337378054,0.03572586202399725,0.32188265710164254,0.033558467132480445,0.10080206018644441,0.02971041382680757,15.352088644000105
AR2_errors,broad_peak_followup,6,3,followup_shapes,success,,0.04525516849549328,0.5714285714285714,0.09532053059056966,1,0,1,0,0,1,1,"[{""optimizer"": ""lbfgs"", ""converged"": true, ""log_likelihood"": 15.72670709810098, ""valid"": true}]",,False,15.72670709810098,0.048127385672506656,0.03409592868136494,0.20348374005520514,0.01854023991114453,0.2932821668619243,0.01927143205584132,0.31752266609266405,0.02271683494289054,0.2762052377474244,0.02219298737306291,0.16932988182620548,0.021443142310285303,-0.0031034016709929058,0.03195466792285631,11.691229676000148
AR2_errors,broad_peak_followup,6,5,followup_shapes,success,,0.03196003000312617,1.0,0.11847934030372956,1,1,1,1,1,1,1,"[{""optimizer"": ""lbfgs"", ""converged"": true, ""log_likelihood"": 17.79561794361788, ""valid"": true}]",,False,17.79561794361788,0.06738623063940327,0.038017613506418496,0.15783681873356478,0.02783303224060464,0.2967680435151192,0.023293832940089455,0.3538775946867685,0.027810747027946017,0.2843228497910774,0.025856939674644395,0.12872087421047368,0.03188916638164705,0.013148421167247175,0.03686891877102419,6.166852028999983
AR2_errors,broad_peak_followup,6,7,followup_shapes,success,,0.03228657010006381,1.0,0.1402888291955179,1,1,1,1,1,1,1,"[{""optimizer"": ""lbfgs"", ""converged"": true, ""log_likelihood"": 18.000752903954126, ""valid"": true}]",,False,18.000752903954126,0.06847801649384194,0.038936983189961465,0.15933176162762702,0.03143238380348202,0.2902538082156172,0.03268285848612325,0.36582210378464514,0.03616521283392417,0.27342672288328584,0.03684897808748514,0.1336312542523327,0.03750246215493883,0.011141632903867993,0.03694688786465279,13.361449026999935
AR2_errors,two_peak_followup,6,3,followup_shapes,success,,0.10950735968662902,0.42857142857142855,0.10146919483875706,0,0,1,0,1,0,1,"[{""optimizer"": ""lbfgs"", ""converged"": true, ""log_likelihood"": -8.244251350498944, ""valid"": true}]",,False,-8.244251350498944,0.17022872024122548,0.038450798026869674,0.12854739951353306,0.021670566864877557,0.10052087359613955,0.02032387251045312,0.08614914248904498,0.02228698579029777,0.08543220619224935,0.020786626100793102,0.09837006470575266,0.02131469523569407,0.1249627180295549,0.03636144625450949,12.350209137999855
AR2_errors,two_peak_followup,6,5,followup_shapes,success,,0.03315022504009281,0.8571428571428571,0.11846841045989612,1,1,1,0,1,1,1,"[{""optimizer"": ""lbfgs"", ""converged"": true, ""log_likelihood"": 17.548111835681883, ""valid"": true}]",,False,17.548111835681883,0.10580034030226498,0.03788795906708369,0.29075895872712093,0.027770944234410948,0.07683201764671496,0.02333702771972943,-0.05188223254615873,0.027824234474739168,0.06448165007875727,0.025859530345711573,0.2615562989891839,0.031910527770955974,0.050741539190306016,0.03696050935146943,14.41408254299995
AR2_errors,two_peak_followup,6,7,followup_shapes,success,,0.03222863865407911,1.0,0.1402398313203429,1,1,1,1,1,1,1,"[{""optimizer"": ""lbfgs"", ""converged"": true, ""log_likelihood"": 17.98824278389727, ""valid"": true}]",,False,17.98824278389727,0.10612316901991724,0.03896501376276193,0.2946154136856517,0.03141882207335696,0.06181513330729531,0.032662063264100316,-0.02907581593890493,0.03615624961232236,0.044736644802179475,0.03681577614989545,0.26966206567545736,0.037513535661150885,0.049293947943123126,0.03689680969131015,15.816285427000139
AR2_errors,broad_peak_followup,7,3,followup_shapes,success,,0.046906312716786386,0.42857142857142855,0.06497300152673977,0,0,1,0,1,0,1,"[{""optimizer"": ""lbfgs"", ""converged"": true, ""log_likelihood"": 16.428578838551708, ""valid"": true}]",,False,16.428578838551708,-5.5776614250052084e-05,0.025189754238219515,0.19166255004702784,0.013163849395301016,0.31300022394122473,0.012904908026461851,0.3639572450683405,0.014503030050395674,0.3445336134283751,0.012923468073146304,0.25472932902132867,0.01285133862859505,0.09454439184720101,0.02448686859991588,3.5405814519999694
AR2_errors,broad_peak_followup,7,5,followup_shapes,success,,0.041192650239198124,0.7142857142857143,0.08716844756943451,1,1,1,1,0,0,1,"[{""optimizer"": ""lbfgs"", ""converged"": true, ""log_likelihood"": 23.09321290794652, ""valid"": true}]",,False,23.09321290794652,0.03686686248892347,0.026697924971632616,0.11572319331605797,0.026264114141319104,0.3027524945118042,0.015586350545728288,0.4146285650650337,0.01892448338904938,0.37685298653845445,0.01929630446429005,0.22375512306861134,0.02292396737632399,0.09849212136588495,0.02596479719993247,10.658700782000096
AR2_errors,broad_peak_followup,7,7,followup_shapes,success,,0.04214199734129849,0.8571428571428571,0.10745359997507095,1,1,1,1,0,1,1,"[{""optimizer"": ""lbfgs"", ""converged"": true, ""log_likelihood"": 23.43849954202177, ""valid"": true}]",,False,23.43849954202177,0.03237509360299727,0.027188377384494682,0.12675902572101824,0.02926795177848611,0.28687211242966343,0.026866775828394855,0.4171940320811367,0.025189825019649923,0.38673732436434416,0.028549515367140926,0.21423658886598235,0.029619073101315313,0.10137217474157476,0.02519991004743061,6.048977931000081
AR2_errors,two_peak_followup,7,3,followup_shapes,success,,0.11162377866736989,0.14285714285714285,0.07868307661476995,1,0,0,0,0,0,0,"[{""optimizer"": ""lbfgs"", ""converged"": true, ""log_likelihood"": -12.505337241978836, ""valid"": true}]",,False,-12.505337241978836,0.10834495347272823,0.0306354235568494,0.11788724297291403,0.014292124868630624,0.13047614046034883,0.015086957202757469,0.14611164593503256,0.01780249087780959,0.16479375939696525,0.015588545589716798,0.18652248084614687,0.015462688642397472,0.21129781028257744,0.03163726321678499,10.559831888999952
AR2_errors,two_peak_followup,7,5,followup_shapes,success,,0.041926915043184756,0.5714285714285714,0.087339068313274,1,0,1,1,0,0,1,"[{""optimizer"": ""lbfgs"", ""converged"": true, ""log_likelihood"": 22.83690233479896, ""valid"": true}]",,False,22.83690233479896,0.0767938171865795,0.026887418405642922,0.2460692470190381,0.026351352618249033,0.0812210702904168,0.015588477520045167,0.008295865383264869,0.018977180256075758,0.1557028099292846,0.01945327696063269,0.35421368080933147,0.022954332082761715,0.1369628541534143,0.025750584144582,4.891807823999898
AR2_errors,two_peak_followup,7,7,followup_shapes,success,,0.041893663858550166,0.8571428571428571,0.10716762849494553,1,1,1,1,0,1,1,"[{""optimizer"": ""lbfgs"", ""converged"": true, ""log_likelihood"": 23.48586128428954, ""valid"": true}]",,False,23.48586128428954,0.069467289435672,0.02714536129313845,0.2629272352823928,0.029286711019947568,0.05877418169001311,0.026741911655343592,0.022746647306121123,0.02515100927393642,0.1575589114269419,0.028502565844542985,0.34973273237967073,0.029446507128102737,0.13899286189797494,0.02509669895453388,14.464717700999927
AR2_errors,broad_peak_followup,8,3,followup_shapes,success,,0.04747112922259037,0.7142857142857143,0.08942424024090023,1,0,1,0,1,1,1,"[{""optimizer"": ""lbfgs"", ""converged"": true, ""log_likelihood"": 6.9849353687177995, ""valid"": true}]",,False,6.9849353687177995,0.11005661632345774,0.03081128254858475,0.2516581707103531,0.01754530212955174,0.3307988670688551,0.020006122197601006,0.34747870539896364,0.0216381065987876,0.3016976857006787,0.017562549545985042,0.19345580797400036,0.016514702934865032,0.022753072218928538,0.03560807733194665,2.6027175810002063
AR2_errors,broad_peak_followup,8,5,followup_shapes,success,,0.03260369822990039,0.8571428571428571,0.11538203731114095,0,1,1,1,1,1,1,"[{""optimizer"": ""lbfgs"", ""converged"": true, ""log_likelihood"": 13.577071619053278, ""valid"": true}]",,False,13.577071619053278,0.1152746978848738,0.030961399456655762,0.17298941585599042,0.03253510326677273,0.3476270125447263,0.02568297556504247,0.4255501818971025,0.028076384410394513,0.3318495821027014,0.024292484747059626,0.13034383559466634,0.029500702352284285,0.02357952904970146,0.034990302543113735,3.5832896859999437
AR2_errors,broad_peak_followup,8,7,followup_shapes,success,,0.03354073738494607,1.0,0.12898018594315006,1,1,1,1,1,1,1,"[{""optimizer"": ""lbfgs"", ""converged"": true, ""log_likelihood"": 13.92023242075024, ""valid"": true}]",,False,13.92023242075024,0.11601566773859281,0.031750762408839096,0.17360646902044058,0.03545450057568486,0.3391906866413008,0.033339638734378244,0.4407101168019465,0.03750280632469483,0.321670174289394,0.027575655497639327,0.132110095161051,0.030207089678603548,0.024137235029151424,0.03449130739292802,6.911085521999894
AR2_errors,two_peak_followup,8,3,followup_shapes,success,,0.1173110473969108,0.2857142857142857,0.09841017870908046,1,0,0,0,0,0,1,"[{""optimizer"": ""lbfgs"", ""converged"": true, ""log_likelihood"": -9.390567521390611, ""valid"": true}]",,False,-9.390567521390611,0.14602566569486863,0.03606254045097138,0.17410684812500793,0.01945112406761516,0.1853158964060171,0.02088507945821557,0.1796528105378961,0.022484514925650758,0.15711759052064503,0.01795625906119389,0.11771023635426381,0.018089864814706657,0.06143074803875244,0.04080307920214743,2.7839234900000065
AR2_errors,two_peak_followup,8,5,followup_shapes,success,,0.033149689345999295,0.8571428571428571,0.11539893743267164,0,1,1,1,1,1,1,"[{""optimizer"": ""lbfgs"", ""converged"": true, ""log_likelihood"": 12.757156159527131, ""valid"": true}]",,False,12.757156159527131,0.15224886753480732,0.030780630450550076,0.3074943047673922,0.03248837876969815,0.1272876445552488,0.02579266764419003,0.017929648101454646,0.027901780216517947,0.11125935025170751,0.024112418596839883,0.2646540594943255,0.02961149222915931,0.061029357960247395,0.035382163222815434,3.0387464929999624
AR2_errors,two_peak_followup,8,7,followup_shapes,success,,0.033534200970961804,1.0,0.12898633653216232,1,1,1,1,1,1,1,"[{""optimizer"": ""lbfgs"", ""converged"": true, ""log_likelihood"": 13.92023896551939, ""valid"": true}]",,False,13.92023896551939,0.15373876643412793,0.031751976227044516,0.3091578327253955,0.03545597515316828,0.11076371614350664,0.03334012248295829,0.04597258125494806,0.03750652519129149,0.09325444260385582,0.027577724017317284,0.2676517439947594,0.030208064388835627,0.06189084158376652,0.03449235634681725,7.878364572999999
AR2_errors,broad_peak_followup,9,3,followup_shapes,success,,0.03865839078310891,0.7142857142857143,0.09079706577614635,1,0,1,0,1,1,1,"[{""optimizer"": ""lbfgs"", ""converged"": true, ""log_likelihood"": 16.400566897338162, ""valid"": true}]",,False,16.400566897338162,0.057685293458956614,0.036145213638772496,0.21929219790494678,0.018820019914625934,0.31268219605095937,0.0205436161389142,0.3378552878969943,0.023555324091868075,0.29481147344305164,0.019993095308530447,0.1835507526891314,0.014352655887987672,0.004073125635233512,0.028727692476705403,6.007896222999989
AR2_errors,broad_peak_followup,9,5,followup_shapes,success,,0.023348516744390948,1.0,0.11592554399377208,1,1,1,1,1,1,1,"[{""optimizer"": ""lbfgs"", ""converged"": true, ""log_likelihood"": 22.2411176167585, ""valid"": true}]",,False,22.2411176167585,0.06838232586585669,0.03892916354888358,0.16447425053260817,0.03160144938271486,0.33357428602595574,0.028260471506265407,0.3994199156964472,0.02618890059240748,0.30615137640995443,0.023495354740349406,0.11831165854767287,0.030844705279605793,0.020846506006121444,0.02768985493865217,10.830521713000053
AR2_errors,broad_peak_followup,9,7,followup_shapes,success,,0.02525450036885112,1.0,0.13197647056615888,1,1,1,1,1,1,1,"[{""optimizer"": ""lbfgs"", ""converged"": true, ""log_likelihood"": 23.179111557504292, ""valid"": true}]",,False,23.179111557504292,0.05667850059403491,0.03805773679102679,0.17929020712715088,0.0335278520928768,0.3055008267837232,0.03908187021384639,0.40416781101905785,0.0323773376361633,0.3188931703303667,0.03098709949388809,0.10751715593875276,0.034050080975174216,0.02658960411885265,0.027590291665165335,8.372270450000087
AR2_errors,two_peak_followup,9,3,followup_shapes,success,,0.1101367556447874,0.42857142857142855,0.0970854540502366,1,0,0,0,1,0,1,"[{""optimizer"": ""lbfgs"", ""converged"": true, ""log_likelihood"": -6.549254634916887, ""valid"": true}]",,False,-6.549254634916887,0.15113400483219325,0.03815863134745918,0.1512185461855485,0.019498393131960175,0.1467616459501922,0.021058091395410462,0.1377633041261243,0.024048432175471396,0.12422352071334485,0.020295349652488824,0.1061422957118538,0.016303735505857318,0.08351962912165116,0.034004249023918,10.428258761000052
AR2_errors,two_peak_followup,9,5,followup_shapes,success,,0.02444393090135068,1.0,0.11620558335482832,1,1,1,1,1,1,1,"[{""optimizer"": ""lbfgs"", ""converged"": true, ""log_likelihood"": 22.107657948715463, ""valid"": true}]",,False,22.107657948715463,0.10532752733290586,0.03886043684967041,0.2943306433618365,0.03170232249853836,0.11244410439002618,0.02853133597203311,-0.005895830887886366,0.026409932549608505,0.0867867576291138,0.023564659052660808,0.2510074514484181,0.030958954666864096,0.06032149348379456,0.02748232868710383,6.5896676950001165
AR2_errors,two_peak_followup,9,7,followup_shapes,success,,0.02519962652406104,1.0,0.131805120377371,1,1,1,1,1,1,1,"[{""optimizer"": ""lbfgs"", ""converged"": true, ""log_likelihood"": 23.119267761538296, ""valid"": true}]",,False,23.119267761538296,0.09411484400218303,0.03798924798646202,0.31505701798741137,0.03343231739641416,0.07780600664524814,0.03888550995066227,0.011013227842105927,0.03241417562981478,0.09116028240267353,0.031020894010344947,0.2437577621625718,0.03401641176140511,0.06325245507563945,0.027607729653059195,12.342894304000083
AR2_errors,broad_peak_followup,10,3,followup_shapes,success,,0.03872289971818942,0.5714285714285714,0.07482017536754572,1,0,1,0,1,1,0,"[{""optimizer"": ""lbfgs"", ""converged"": true, ""log_likelihood"": 22.286106463534626, ""valid"": true}]",,False,22.286106463534626,0.051018482915703316,0.028254095475352757,0.22765302044393787,0.013872277647016755,0.32968106065961345,0.015335264182791053,0.35710260356273,0.018534256631061927,0.3099176491532875,0.017178793384091944,0.18812619743128606,0.01510512406823136,-0.00827175160327449,0.02532764462492872,12.418507323999847
AR2_errors,broad_peak_followup,10,5,followup_shapes,success,,0.02304136713551441,1.0,0.09940639968775,1,1,1,1,1,1,1,"[{""optimizer"": ""lbfgs"", ""converged"": true, ""log_likelihood"": 27.090858570135858, ""valid"": true}]",,False,27.090858570135858,0.08360751448443308,0.03321575302861931,0.16765511581416634,0.02741550061599754,0.3330168654866164,0.02151650287842233,0.40430343978782946,0.02193966294399879,0.32030688159635823,0.020379955457510764,0.13400060038326211,0.02389318024511303,0.012539372212106185,0.029150872844177528,9.913704350999978
AR2_errors,broad_peak_followup,10,7,followup_shapes,success,,0.029294045838382562,1.0,0.12007005618578397,1,1,1,1,1,1,1,"[{""optimizer"": ""lbfgs"", ""converged"": true, ""log_likelihood"": 28.060599933514055, ""valid"": true}]",,False,28.060599933514055,0.08868534811323797,0.03247095259872005,0.14449933492541567,0.03153555322510859,0.3654084745848907,0.03436030636231485,0.38531276588610996,0.027419823082692602,0.31593626507109934,0.03032410771842222,0.1428664598664509,0.02806675181313572,0.01314872732941142,0.03023331981707737,12.233933822000154
AR2_errors,two_peak_followup,10,3,followup_shapes,success,,0.1114415187735949,0.2857142857142857,0.08928498598387878,1,0,0,0,0,0,1,"[{""optimizer"": ""lbfgs"", ""converged"": true, ""log_likelihood"": -7.630996908390989, ""valid"": true}]",,False,-7.630996908390989,0.1400625533243554,0.03425717903593122,0.15062751481804243,0.01649096996802204,0.15268954497915008,0.01876220250324341,0.14624864380767824,0.022101338389355386,0.13130481130362695,0.01902238524512221,0.10785804746699622,0.016079813644978288,0.07590835229778604,0.03272358618455955,7.396470283000099
AR2_errors,two_peak_followup,10,5,followup_shapes,success,,0.023571397294528767,1.0,0.09898405110739521,1,1,1,1,1,1,1,"[{""optimizer"": ""lbfgs"", ""converged"": true, ""log_likelihood"": 27.42580831820981, ""valid"": true}]",,False,27.42580831820981,0.12185260136546204,0.03322279055429148,0.2986600600923459,0.027106893672822256,0.11201333557145406,0.02127748868275703,-0.0014235431230419722,0.02201759121992891,0.10100773419212825,0.020304220618971476,0.2679597588093343,0.023603839737140104,0.054079403130045334,0.029224409634437336,7.893682234999915
AR2_errors,two_peak_followup,10,7,followup_shapes,success,,0.029783151015324933,1.0,0.1200757301391624,1,1,1,1,1,1,1,"[{""optimizer"": ""lbfgs"", ""converged"": true, ""log_likelihood"": 28.015901831237027, ""valid"": true}]",,False,28.015901831237027,0.12842178723083575,0.03253762703036041,0.283007683879097,0.03176255958077005,0.13893464082133783,0.03417814908012343,-0.008263825416631676,0.027256130714575336,0.08832789373674987,0.030389261755199355,0.278510520023091,0.028093903448317813,0.050491603221575435,0.030203315067729313,15.28998602799993
AR2_errors,broad_peak_followup,11,3,followup_shapes,success,,0.0334834530646178,0.5714285714285714,0.08584859630878706,1,0,1,0,1,0,1,"[{""optimizer"": ""lbfgs"", ""converged"": true, ""log_likelihood"": 16.252180762177304, ""valid"": true}]",,False,16.252180762177304,0.04909592933562215,0.02970517562138897,0.22072020322393074,0.01694128649492976,0.3231141157130984,0.017915428075861897,0.356277666803125,0.02054721777833997,0.3202108564940106,0.019643679293491128,0.21491368478575526,0.01909126099075916,0.04038615167835888,0.029457016582348887,3.2228303070000948
AR2_errors,broad_peak_followup,11,5,followup_shapes,success,,0.019476621442491328,1.0,0.11300874625881567,1,1,1,1,1,1,1,"[{""optimizer"": ""lbfgs"", ""converged"": true, ""log_likelihood"": 17.53958745621817, ""valid"": true}]",,False,17.53958745621817,0.04602796836883437,0.030726458193571112,0.20485636726330572,0.0315439641604501,0.3401259507504756,0.02428010606540081,0.3844887087316048,0.02997199356122261,0.3203451931105496,0.026354699609859526,0.1798445177937614,0.029661396966245777,0.04488435869028636,0.02926271404827804,7.296700846000022
AR2_errors,broad_peak_followup,11,7,followup_shapes,success,,0.019403337172992984,1.0,0.12581587433908972,1,1,1,1,1,1,1,"[{""optimizer"": ""lbfgs"", ""converged"": true, ""log_likelihood"": 17.690593724898946, ""valid"": true}]",,False,17.690593724898946,0.04528543478648678,0.030564496999501468,0.2066842020602902,0.033616899718984315,0.33495718304632505,0.03655116477452126,0.3941962582634916,0.033627561588866074,0.31225408604360755,0.03211127195935888,0.18328684686319802,0.028759884763312697,0.04390514068191144,0.0294399243724012,3.6300598740001533
AR2_errors,two_peak_followup,11,3,followup_shapes,success,,0.13461624889785234,0.2857142857142857,0.11340637584649094,1,0,0,0,0,0,1,"[{""optimizer"": ""lbfgs"", ""converged"": true, ""log_likelihood"": -26.353647022616293, ""valid"": true}]",,False,-26.353647022616293,0.03166521831546144,0.04147023374216579,0.13288707377280715,0.022016207280622764,0.1938137849086497,0.023222386882516745,0.21444535172298898,0.026233533614594188,0.19478177421582502,0.02333070670134649,0.1348230523871579,0.022992007601921816,0.034569186236987466,0.043246309616994605,3.1309086369999477
AR2_errors,two_peak_followup,11,5,followup_shapes,success,,0.02145704587747199,1.0,0.11317563488055525,1,1,1,1,1,1,1,"[{""optimizer"": ""lbfgs"", ""converged"": true, ""log_likelihood"": 16.984921299474628, ""valid"": true}]",,False,16.984921299474628,0.08486733390370227,0.030897386792101935,0.3372477191086397,0.0312690255999768,0.11958296018203625,0.024430809090127785,-0.021838684764641694,0.030020147947052784,0.09990469981861125,0.026289155425209647,0.31236868692034,0.02991217536828778,0.08374250696762911,0.029280647778234803,8.050787836999916
AR2_errors,two_peak_followup,11,7,followup_shapes,success,,0.01939749168094482,1.0,0.12579591544743576,1,1,1,1,1,1,1,"[{""optimizer"": ""lbfgs"", ""converged"": true, ""log_likelihood"": 17.69061311251999, ""valid"": true}]",,False,17.69061311251999,0.08302056875558911,0.030560265338014075,0.34222331391574834,0.03361094661958094,0.10651101682307354,0.036546311620942316,-0.0005557099150488298,0.03362447145729937,0.08382455733823158,0.0321030300575442,0.3188534817881761,0.028750837854352815,0.08165658806388555,0.02943970035125871,3.8803796160000275
AR2_errors,broad_peak_followup,12,3,followup_shapes,success,,0.050566236309317565,0.42857142857142855,0.08490312384231768,1,1,0,0,0,0,1,"[{""optimizer"": ""lbfgs"", ""converged"": true, ""log_likelihood"": 10.614994694928852, ""valid"": true}]",,False,10.614994694928852,0.02186852180548772,0.03258744231827026,0.17065992753412226,0.016185420811011073,0.2632494900336063,0.01673974813747993,0.29963720930393983,0.01942007801091921,0.2798230853451228,0.01733365524965403,0.20380711815715527,0.016887201124789267,0.07158930774003718,0.03245917549487211,2.9712981489999493
AR2_errors,broad_peak_followup,12,5,followup_shapes,success,,0.05149004961981322,0.5714285714285714,0.10872992150092108,1,0,0,0,1,1,1,"[{""optimizer"": ""lbfgs"", ""converged"": true, ""log_likelihood"": 16.69817648361542, ""valid"": true}]",,False,16.69817648361542,0.03890905971062863,0.03337209713392299,0.08087494415648408,0.029349514011546042,0.23856755703997612,0.02498438837118602,0.3484387982064948,0.024723427132333,0.3340737167160116,0.021937007663310325,0.20619051084307902,0.028728207810734104,0.06264052807683036,0.031065931985755146,3.9306787559999066
AR2_errors,broad_peak_followup,12,7,followup_shapes,success,,0.05215408810952348,0.7142857142857143,0.12268169991053698,1,0,0,1,1,1,1,"[{""optimizer"": ""lbfgs"", ""converged"": true, ""log_likelihood"": 16.985454767479148, ""valid"": true}]",,False,16.985454767479148,0.040036736979269585,0.03399765223783755,0.08769121665451274,0.03296975987921959,0.22297856385859863,0.030697892307572826,0.3588352155671001,0.027561952318437978,0.33298523955609033,0.03210615518771907,0.20305606526697695,0.030672675350621605,0.06569228236782333,0.031068376844550265,6.181715584999893
AR2_errors,two_peak_followup,12,3,followup_shapes,success,,0.11271630986193108,0.5714285714285714,0.09655400580880366,1,0,1,0,1,0,1,"[{""optimizer"": ""lbfgs"", ""converged"": true, ""log_likelihood"": -21.546937906620315, ""valid"": true}]",,False,-21.546937906620315,0.06980814557683072,0.03569590608985978,0.0866303496037871,0.016858844275168462,0.10162801460835989,0.02031850779732055,0.11480114059054902,0.023187918162988243,0.1261497275503545,0.01836110728168549,0.13567377548777637,0.01704018682160986,0.1433732844028146,0.04095539708708844,2.6681509519999054
AR2_errors,two_peak_followup,12,5,followup_shapes,success,,0.05206417730431186,0.5714285714285714,0.1086492167073571,1,0,0,0,1,1,1,"[{""optimizer"": ""lbfgs"", ""converged"": true, ""log_likelihood"": 16.078568067093126, ""valid"": true}]",,False,16.078568067093126,0.0744779374253646,0.0335483425487946,0.21439520563592418,0.029256648908274847,0.01911523443465704,0.025060018475142498,-0.05727527774224485,0.024631144175664647,0.11466649107282137,0.02185122398394378,0.3397394863788699,0.028477573908849012,0.0980987772063265,0.031191506405325437,3.1473956219999764
AR2_errors,two_peak_followup,12,7,followup_shapes,success,,0.052142906629535545,0.7142857142857143,0.12267935661108277,1,0,0,1,1,1,1,"[{""optimizer"": ""lbfgs"", ""converged"": true, ""log_likelihood"": 16.98547683577624, ""valid"": true}]",,False,16.98547683577624,0.07777512897744575,0.03399672567240922,0.2232626409609848,0.0329717170335132,-0.005428608385812578,0.030696330249150326,-0.03588288776890783,0.027560738515190225,0.10456390585733696,0.03210396111972749,0.33858866858135916,0.030672865607628684,0.10339238138188926,0.031067941465028687,7.496801650999942
AR2_errors,broad_peak_followup,13,3,followup_shapes,success,,0.04531505565712682,0.5714285714285714,0.0994655003850213,1,0,1,0,0,1,1,"[{""optimizer"": ""lbfgs"", ""converged"": true, ""log_likelihood"": -10.847962335606635, ""valid"": true}]",,False,-10.847962335606635,0.07815952609820595,0.03599627735264362,0.2208832899316665,0.02269050127438399,0.3018120481962882,0.02277142786302158,0.3209458008920709,0.02368474285514632,0.27828454801901475,0.020211008006615325,0.17382828957711968,0.018427446760622898,0.007577025566385672,0.03383556086081859,2.7709989770000902
AR2_errors,broad_peak_followup,13,5,followup_shapes,success,,0.031885914755519905,1.0,0.12970689718025868,1,1,1,1,1,1,1,"[{""optimizer"": ""lbfgs"", ""converged"": true, ""log_likelihood"": -4.441370508284175, ""valid"": true}]",,False,-4.441370508284175,0.089862322245339,0.03505670331201177,0.12961746354995185,0.038297300662285746,0.3119209609691685,0.030695366102006977,0.3995632967509335,0.030246569374262688,0.3084731510301143,0.026561694634936527,0.10771740182850137,0.03536259111386027,0.01950112505480737,0.035399234051097954,3.0191929770001025
AR2_errors,broad_peak_followup,13,7,followup_shapes,success,,0.036484894830501324,1.0,0.1430042727402383,1,1,1,1,1,1,1,"[{""optimizer"": ""lbfgs"", ""converged"": true, ""log_likelihood"": -2.7386945738941786, ""valid"": true}]",,False,-2.7386945738941786,0.08443238628508994,0.035069512056974804,0.12774431768567465,0.04073043518078146,0.30502663686008763,0.03770814552744891,0.43425372457831246,0.03643529956254442,0.268433452089779,0.0355725804623912,0.1237398705984327,0.0355317851549665,0.018076418667731353,0.034317014805318215,3.659664937999878
AR2_errors,two_peak_followup,13,3,followup_shapes,success,,0.11039101250427888,0.5714285714285714,0.10929300001201032,1,0,1,0,1,0,1,"[{""optimizer"": ""lbfgs"", ""converged"": true, ""log_likelihood"": -22.1447204529588, ""valid"": true}]",,False,-22.1447204529588,0.15333806761931243,0.03715830764598924,0.14109731757101884,0.023157311153444358,0.12913995866500033,0.024665994818055616,0.11746599090125685,0.026060850679932003,0.10607541427978848,0.022206783723641512,0.09496822880059518,0.021390987976156718,0.08414443446367695,0.040525835452798996,7.374864615999968
AR2_errors,two_peak_followup,13,5,followup_shapes,success,,0.032832663097433525,1.0,0.1300725080926501,1,1,1,1,1,1,1,"[{""optimizer"": ""lbfgs"", ""converged"": true, ""log_likelihood"": -5.494900544940596, ""valid"": true}]",,False,-5.494900544940596,0.12884879851895148,0.035286546999981704,0.26239112022744104,0.03837711300546601,0.0915167166635808,0.03101304076131191,-0.006746926664604314,0.030419832877372602,0.08824918397097131,0.026470516922359952,0.2407755505184541,0.035295323586381495,0.05872418314605155,0.03540996172685867,3.031400758000018
AR2_errors,two_peak_followup,13,7,followup_shapes,success,,0.03647992210495794,1.0,0.1430039959228116,1,1,1,1,1,1,1,"[{""optimizer"": ""lbfgs"", ""converged"": true, ""log_likelihood"": -2.7387013182698965, ""valid"": true}]",,False,-2.7387013182698965,0.12217662113674216,0.03506928344545311,0.26331292929395717,0.04073018817952226,0.07661674850787298,0.03770909247709696,0.039535106192574956,0.03643464988406859,0.04002358295093533,0.03557199463037625,0.25930285498151634,0.03553188858199514,0.05581748515913457,0.03431718123507988,3.493520394000143
AR2_errors,broad_peak_followup,14,3,followup_shapes,success,,0.04595011171777071,0.5714285714285714,0.0720807918081874,1,0,1,0,1,0,1,"[{""optimizer"": ""lbfgs"", ""converged"": true, ""log_likelihood"": 15.46535696690284, ""valid"": true}]",,False,15.46535696690284,0.0358114442337285,0.025000604120724662,0.2050001242153709,0.014589418237793958,0.31122768776402504,0.015665996950220085,0.3544941348796908,0.0168092632446111,0.33479946556236817,0.014229524141500229,0.25214367981205726,0.014208893921034896,0.10652677762875785,0.028211999041592578,2.948919912000065
AR2_errors,broad_peak_followup,14,5,followup_shapes,success,,0.036741199514633234,0.8571428571428571,0.09959490314041022,1,1,1,1,1,0,1,"[{""optimizer"": ""lbfgs"", ""converged"": true, ""log_likelihood"": 16.128921615083524, ""valid"": true}]",,False,16.128921615083524,0.04237730027378066,0.025948209913239435,0.17989493198921022,0.02656290280757095,0.3123714478538723,0.022140034272092858,0.37496907593826034,0.022777852818798933,0.34366205685213347,0.019946655796759107,0.23523664374451592,0.02859204166589878,0.1072911023036971,0.03188034404780109,7.6127608580000015
AR2_errors,broad_peak_followup,14,7,followup_shapes,success,,0.036378452058799526,0.8571428571428571,0.11526450900035426,1,1,1,1,1,0,1,"[{""optimizer"": ""lbfgs"", ""converged"": true, ""log_likelihood"": 16.27804864023013, ""valid"": true}]",,False,16.27804864023013,0.04137499389422228,0.02591374506805347,0.18363669948323152,0.030931752667707313,0.30334752217293637,0.03167910781807011,0.38485078350884233,0.027577217165797793,0.3393828976355406,0.027583617497059346,0.23637112629777363,0.030122673561940518,0.10588524159161088,0.03202136657914694,3.7059211670000423
AR2_errors,two_peak_followup,14,3,followup_shapes,success,,0.10869586074501333,0.14285714285714285,0.08401241812459863,1,0,0,0,0,0,0,"[{""optimizer"": ""lbfgs"", ""converged"": true, ""log_likelihood"": -20.906750320937245, ""valid"": true}]",,False,-20.906750320937245,0.11585275803098144,0.028300025912913654,0.1281074192031125,0.015287560538694308,0.13967935911723625,0.01764089391671065,0.1505685777733527,0.019001841222490535,0.16077507517146183,0.015189843773720225,0.17029885131156364,0.016950291539070513,0.1791399061936581,0.03765171831889764,2.976456974999792
AR2_errors,two_peak_followup,14,5,followup_shapes,success,,0.038187448647082886,0.8571428571428571,0.09956522784985533,1,1,1,1,1,0,1,"[{""optimizer"": ""lbfgs"", ""converged"": true, ""log_likelihood"": 15.60333938810025, ""valid"": true}]",,False,15.60333938810025,0.08141279472379247,0.02599958394399872,0.3124748907189371,0.026487507599200523,0.09182177826949106,0.022088934050268474,-0.031473362777866075,0.022722294138089412,0.12319793997266382,0.0198345801129932,0.3679794514659979,0.028462582640403317,0.14655022919617275,0.03219956724693086,7.27012205799997
AR2_errors,two_peak_followup,14,7,followup_shapes,success,,0.03637296210816711,0.8571428571428571,0.11526455369467747,1,1,1,1,1,0,1,"[{""optimizer"": ""lbfgs"", ""converged"": true, ""log_likelihood"": 16.278056640417994, ""valid"": true}]",,False,16.278056640417994,0.07909862911841785,0.02591476424615349,0.31918046718316406,0.030931445666560458,0.07492224828903132,0.03167753088536323,-0.009874422989539361,0.02757729744721568,0.11094882192983854,0.02758472010779261,0.3719136558599915,0.03012317326099089,0.14361413248989766,0.03202062855499058,3.7353379119999772
AR2_errors,broad_peak_followup,15,3,followup_shapes,success,,0.042924588135604534,0.7142857142857143,0.11987364954484246,1,0,1,1,1,0,1,"[{""optimizer"": ""lbfgs"", ""converged"": true, ""log_likelihood"": 0.7065572987244914, ""valid"": true}]",,False,0.7065572987244914,0.05587087791802509,0.03918067271599129,0.24279279230896778,0.024647235362674942,0.3538213527029857,0.027061144328794296,0.38895655910007887,0.029992085879256974,0.34819841150024716,0.027701542579370176,0.23154690990349078,0.02573663800298223,0.0390020543098095,0.03974076960386308,2.8186406879999595
AR2_errors,broad_peak_followup,15,5,followup_shapes,success,,0.03935654827636873,1.0,0.15254090912001175,1,1,1,1,1,1,1,"[{""optimizer"": ""lbfgs"", ""converged"": true, ""log_likelihood"": 6.107961987856129, ""valid"": true}]",,False,6.107961987856129,0.04385949690747469,0.03880852886459708,0.17012400747571677,0.04410183050927382,0.37644932231578915,0.03893586723190926,0.4662318185291085,0.03866220715574086,0.3740125880164761,0.033937186185492164,0.1654774374780788,0.03953541314489585,0.037456888413487384,0.03841344747954053,5.288093137999795
AR2_errors,broad_peak_followup,15,7,followup_shapes,success,,0.04177805639870622,0.8571428571428571,0.16090096218779276,1,1,1,0,1,1,1,"[{""optimizer"": ""lbfgs"", ""converged"": true, ""log_likelihood"": 7.1646543686312, ""valid"": true}]",,False,7.1646543686312,0.04042532594611513,0.03803612431037475,0.16705353007843,0.04425385360182163,0.37544937514634563,0.04366072250689531,0.4885861132634391,0.04395861843723294,0.34898491181954766,0.03926555233949048,0.16966891232063053,0.040048778528196376,0.037305744098637295,0.038099497039904166,7.7121182959999715
AR2_errors,two_peak_followup,15,3,followup_shapes,success,,0.13464073369715893,0.2857142857142857,0.13411845616620935,1,0,0,0,0,0,1,"[{""optimizer"": ""lbfgs"", ""converged"": true, ""log_likelihood"": -20.04934543987544, ""valid"": true}]",,False,-20.04934543987544,0.052901614613703025,0.044315030036039996,0.15233867542599328,0.03085766353228323,0.21196540221197413,0.033403004298844366,0.23178179497164544,0.03521584870643658,0.21178785370500727,0.03057888190624404,0.15198357841205967,0.02518396211196841,0.052368969092802566,0.039942852562128574,3.1947659370000565
AR2_errors,two_peak_followup,15,5,followup_shapes,success,,0.039719771756916565,1.0,0.1531685411885038,1,1,1,1,1,1,1,"[{""optimizer"": ""lbfgs"", ""converged"": true, ""log_likelihood"": 4.816668626640782, ""valid"": true}]",,False,4.816668626640782,0.08341489403301693,0.03931775832843487,0.3047053996287474,0.04451274990436106,0.15590102897261793,0.039140136197406195,0.058631719805299555,0.03838707609792486,0.1535552605240132,0.03367965800273787,0.30035729018253027,0.039740632746223886,0.07775129849117263,0.038737240845239426,4.258101765999982
AR2_errors,two_peak_followup,15,7,followup_shapes,success,,0.041786534979415764,0.8571428571428571,0.16090513195271658,1,1,1,0,1,1,1,"[{""optimizer"": ""lbfgs"", ""converged"": true, ""log_likelihood"": 7.164636299858351, ""valid"": true}]",,False,7.164636299858351,0.07814887887789407,0.03803461470751968,0.3025759744703669,0.04425403570024865,0.14704153851121546,0.043663814092912076,0.09387602158971955,0.043964091265798116,0.12058807657218105,0.03926231233437765,0.3052234611595133,0.04004964205480957,0.07504710779872442,0.03810208261704244,8.24400517700019
AR2_errors,broad_peak_followup,16,3,followup_shapes,success,,0.04120601075863451,0.7142857142857143,0.0788721182699036,0,1,1,0,1,1,1,"[{""optimizer"": ""lbfgs"", ""converged"": true, ""log_likelihood"": 16.748447020962654, ""valid"": true}]",,False,16.748447020962654,-0.004878387339736321,0.026431831862394783,0.17906143558661172,0.017401403243032985,0.29106186099089193,0.016492566537896495,0.3311228888731041,0.016814191730517448,0.2992445192332483,0.01578678860054949,0.19542675207132457,0.017988554906504604,0.019669587387332862,0.02992773145821775,5.444994792000216
AR2_errors,broad_peak_followup,16,5,followup_shapes,success,,0.028787688488333643,1.0,0.10038530510071128,1,1,1,1,1,1,1,"[{""optimizer"": ""lbfgs"", ""converged"": true, ""log_likelihood"": 22.881787334768227, ""valid"": true}]",,False,22.881787334768227,0.03212532761599502,0.03379092628640558,0.11473719096144164,0.025474519512982022,0.29533465260591685,0.01730686652786926,0.3784165428485827,0.020085933146066305,0.30046957948685343,0.02010297225870258,0.12996836781639534,0.028667534072040902,0.06737540063112632,0.03383072159006062,17.5054255550001
AR2_errors,broad_peak_followup,16,7,followup_shapes,success,,0.030995866102342753,1.0,0.12487434089660555,1,1,1,1,1,1,1,"[{""optimizer"": ""lbfgs"", ""converged"": true, ""log_likelihood"": 23.323075247736305, ""valid"": true}]",,False,23.323075247736305,0.03299305419979856,0.03347373291422665,0.10523715205209706,0.0329821485759431,0.30037992248012113,0.028162822748237584,0.38777553705319723,0.03098670034274149,0.2779674539519775,0.030317097701827018,0.14569289184040812,0.033384837150217145,0.06326645952784661,0.03368255502503123,16.420856680000043
AR2_errors,two_peak_followup,16,3,followup_shapes,success,,0.10960301533043355,0.2857142857142857,0.08282665202542017,0,0,1,0,1,0,0,"[{""optimizer"": ""lbfgs"", ""converged"": true, ""log_likelihood"": -0.8199824359645489, ""valid"": true}]",,False,-0.8199824359645489,0.16437380696921478,0.03077954402862483,0.11272189675411522,0.017081625515573393,0.08372115536036352,0.015333606414986939,0.07737158278795969,0.017425371423416623,0.09367317903690373,0.017761544728305954,0.1326259441071956,0.019508772372287302,0.19422987799883534,0.030014271276483834,19.33668889899991
AR2_errors,two_peak_followup,16,5,followup_shapes,success,,0.030475637308143975,0.8571428571428571,0.10045340192633898,1,0,1,1,1,1,1,"[{""optimizer"": ""lbfgs"", ""converged"": true, ""log_likelihood"": 22.482171498282955, ""valid"": true}]",,False,22.482171498282955,0.07072124385715978,0.0339502425187405,0.24679011721473587,0.025448898361137843,0.07456080668692334,0.017266850516846243,-0.028158015856403318,0.020090854330002683,0.0794471966933192,0.020206214957031045,0.26119486668334335,0.02864348144415756,0.1039082916996109,0.0337745327405466,10.162742466000054
AR2_errors,two_peak_followup,16,7,followup_shapes,success,,0.031469680810813215,1.0,0.12479275817141852,1,1,1,1,1,1,1,"[{""optimizer"": ""lbfgs"", ""converged"": true, ""log_likelihood"": 23.212829556589917, ""valid"": true}]",,False,23.212829556589917,0.070283197177086,0.033508834314424654,0.2404703419713116,0.03294650590804512,0.07103106348637804,0.02811137208501662,-0.007365795344812909,0.031062342919763494,0.048816043421510066,0.03033691032474618,0.28005232563419924,0.03326489651668039,0.1006114091621961,0.033613348951713765,13.914353747000177
AR2_errors,broad_peak_followup,17,3,followup_shapes,success,,0.03644079285954314,0.8571428571428571,0.10833466338930416,1,1,1,1,1,0,1,"[{""optimizer"": ""lbfgs"", ""converged"": true, ""log_likelihood"": -2.655442983448258, ""valid"": true}]",,False,-2.655442983448258,-0.0030089747577366956,0.034748577420073146,0.1939272843801013,0.025838808320763445,0.31471115057754406,0.02633576391391216,0.35934262383459153,0.02641993877484392,0.3278217041512437,0.023014622728225544,0.2201483915275006,0.021753179371622747,0.036322685963362224,0.03534386552288791,3.4600647310001023
AR2_errors,broad_peak_followup,17,5,followup_shapes,success,,0.03258211669154842,1.0,0.127136585872867,1,1,1,1,1,1,1,"[{""optimizer"": ""lbfgs"", ""converged"": true, ""log_likelihood"": -1.4770243520676516, ""valid"": true}]",,False,-1.4770243520676516,0.008513679717457524,0.03511632513485046,0.15353856426813225,0.035902459866480094,0.3017490555464125,0.031468272361074925,0.37888849036040195,0.030133020404810897,0.3501557984868836,0.026297956400113846,0.22020550267131994,0.03223039774498493,0.033147718627852665,0.035881185717804485,6.848888665000004
AR2_errors,broad_peak_followup,17,7,followup_shapes,success,,0.03268003436074536,1.0,0.1399909364036996,1,1,1,1,1,1,1,"[{""optimizer"": ""lbfgs"", ""converged"": true, ""log_likelihood"": -1.2725849595945933, ""valid"": true}]",,False,-1.2725849595945933,0.008935319681979758,0.03516609979020447,0.16076181373000004,0.039303342725216385,0.2874411286550752,0.0371142461408349,0.3858855288800616,0.03292371793790478,0.3545570306515809,0.03372282573301963,0.21511002632190143,0.03587923173975971,0.03413508985815737,0.03587435093966662,4.441030154999908
AR2_errors,two_peak_followup,17,3,followup_shapes,success,,0.11364828040062361,0.42857142857142855,0.11434723426898806,1,0,1,0,0,0,1,"[{""optimizer"": ""lbfgs"", ""converged"": true, ""log_likelihood"": -40.44178801400579, ""valid"": true}]",,False,-40.44178801400579,0.0662797873840211,0.04280900989636181,0.10860362084858034,0.027381221296118235,0.13739708309923998,0.02433886952202777,0.15266017413599992,0.02370304127834323,0.15439289395886016,0.020699978986397617,0.1425952425678208,0.023062190221937263,0.11726721996288174,0.04219717856486416,2.8055795420000322
AR2_errors,two_peak_followup,17,5,followup_shapes,success,,0.034678251003438285,1.0,0.12777852415305635,1,1,1,1,1,1,1,"[{""optimizer"": ""lbfgs"", ""converged"": true, ""log_likelihood"": -1.8992833772764692, ""valid"": true}]",,False,-1.8992833772764692,0.044887763444064525,0.035374019885590746,0.28707874580257803,0.036003882709119396,0.08157216841496281,0.031705783281857775,-0.027860164917664593,0.03051831531037345,0.13002984562063338,0.02648518776140878,0.35396659586061535,0.032203145561153744,0.07015077764786136,0.03588560147809677,7.534444879000148
AR2_errors,two_peak_followup,17,7,followup_shapes,success,,0.03267682957292406,1.0,0.1399925166207181,1,1,1,1,1,1,1,"[{""optimizer"": ""lbfgs"", ""converged"": true, ""log_likelihood"": -1.2725856778437277, ""valid"": true}]",,False,-1.2725856778437277,0.046666977914273586,0.03516651436120424,0.29632694035759427,0.039303777551083566,0.05902248785977046,0.03711466425226758,-0.00883839287146218,0.0329249824992894,0.12613371504174908,0.03372361068876515,0.35065252912254685,0.03587873668148219,0.07186843987947353,0.0358743507886188,4.22842285899992
AR2_errors,broad_peak_followup,18,3,followup_shapes,success,,0.033837957007229,0.5714285714285714,0.08694731723424917,1,0,1,0,1,0,1,"[{""optimizer"": ""lbfgs"", ""converged"": true, ""log_likelihood"": 3.0366609391615693, ""valid"": true}]",,False,3.0366609391615693,0.02210512216415104,0.03435088622869955,0.20638893124282348,0.018057656255227265,0.3164916829826974,0.01589640316230317,0.3524133773837729,0.01726728252299822,0.31415401444604973,0.01578490950759901,0.20171359416952817,0.018459993392392973,0.01509211655420801,0.035445935420510485,2.9873261360000924
AR2_errors,broad_peak_followup,18,5,followup_shapes,success,,0.023656242709303017,1.0,0.10636570840031777,1,1,1,1,1,1,1,"[{""optimizer"": ""lbfgs"", ""converged"": true, ""log_likelihood"": 10.568651675293394, ""valid"": true}]",,False,10.568651675293394,0.05122498531209143,0.03540756965205389,0.12580074552836923,0.026835638479711203,0.32745267526062144,0.021159366441761116,0.4230952023263046,0.022194777289028626,0.3324494793022707,0.019888405477876563,0.12804338352476738,0.03049902104719643,0.03521151708943755,0.03395398661293965,7.299731731000065
AR2_errors,broad_peak_followup,18,7,followup_shapes,success,,0.030692344003499055,1.0,0.12242510775885859,1,1,1,1,1,1,1,"[{""optimizer"": ""lbfgs"", ""converged"": true, ""log_likelihood"": 11.8195525827547, ""valid"": true}]",,False,11.8195525827547,0.055335904543845085,0.03547958971369417,0.14403446338433376,0.02917380442062879,0.2972469087793076,0.03154718783997051,0.4249801160591663,0.0287131757969981,0.360078409392875,0.02853707425691462,0.11067980501678812,0.03216637337842555,0.03073582007181225,0.0329990584484729,3.5140537670001777
AR2_errors,two_peak_followup,18,3,followup_shapes,success,,0.10689644625113,0.2857142857142857,0.08969752369466957,1,0,0,0,0,0,1,"[{""optimizer"": ""lbfgs"", ""converged"": true, ""log_likelihood"": -8.927188696266509, ""valid"": true}]",,False,-8.927188696266509,0.12531245291105647,0.034197800604952124,0.1304633045153364,0.01818650641489151,0.1334866672561892,0.016835775132372992,0.13438254113361492,0.01889332184898229,0.1331509261476135,0.017905248713156307,0.12979182229818495,0.01958548656295052,0.12430522958532932,0.03457001017746135,2.8215201419998266
AR2_errors,two_peak_followup,18,5,followup_shapes,success,,0.024736193767254673,1.0,0.10618311845295238,1,1,1,1,1,1,1,"[{""optimizer"": ""lbfgs"", ""converged"": true, ""log_likelihood"": 10.31626512841202, ""valid"": true}]",,False,10.31626512841202,0.08992474214961822,0.035159103593868264,0.2588174487345602,0.026659320465866103,0.1069005513489595,0.021231221677171935,0.01636145657705892,0.022314263627323798,0.11198895922348764,0.019783249975354546,0.26117324231326156,0.030553263077346113,0.07390587709178358,0.03391228910619852,3.021312898000133
AR2_errors,two_peak_followup,18,7,followup_shapes,success,,0.030685982040845442,1.0,0.12242628042029279,1,1,1,1,1,1,1,"[{""optimizer"": ""lbfgs"", ""converged"": true, ""log_likelihood"": 11.819551222689011, ""valid"": true}]",,False,11.819551222689011,0.09304380870191543,0.03548026359497712,0.2796105443730109,0.029175811688391826,0.06879724893216217,0.031546563647200127,0.030281627830455696,0.02871273941344764,0.13166143661800664,0.0285379349639825,0.24627479171941716,0.03216456529245188,0.06847813440342715,0.03300047929292889,7.809483167000053
AR2_errors,broad_peak_followup,19,3,followup_shapes,success,,0.05140693843031736,0.42857142857142855,0.0874507254260026,1,0,1,0,1,0,0,"[{""optimizer"": ""lbfgs"", ""converged"": true, ""log_likelihood"": 6.54566676219074, ""valid"": true}]",,False,6.54566676219074,0.036448722330455534,0.031045530573506255,0.20093324158937037,0.01578056298516329,0.30547445589284244,0.017959250089489644,0.35007236524087165,0.0211435074131573,0.334726969633458,0.019300946856682644,0.25943826907060163,0.018335606241283175,0.1242062635523023,0.03259660553000803,4.476588978999871
AR2_errors,broad_peak_followup,19,5,followup_shapes,success,,0.04120648251930904,0.8571428571428571,0.11473465299776531,1,1,1,1,1,1,0,"[{""optimizer"": ""lbfgs"", ""converged"": true, ""log_likelihood"": 13.740134205358132, ""valid"": true}]",,False,13.740134205358132,0.05560719979736331,0.0331622732615552,0.13183493645963076,0.03157711840910611,0.3261329946028509,0.022951512272703707,0.420119327807912,0.02969705680940992,0.344456885549592,0.024025520572961492,0.1788536131965579,0.0294125963181764,0.1520624520113657,0.03405723128066806,13.431295791000139
AR2_errors,broad_peak_followup,19,7,followup_shapes,success,,0.04391998868075959,0.8571428571428571,0.13586532245118896,1,1,1,1,1,1,0,"[{""optimizer"": ""lbfgs"", ""converged"": true, ""log_likelihood"": 15.344109057062838, ""valid"": true}]",,False,15.344109057062838,0.05425827335640134,0.033542769160328084,0.1319423571775934,0.03309180470682989,0.318557962399285,0.03445017647964415,0.45339721915996933,0.03761454282126959,0.2993525664533613,0.03631575376430153,0.20418691855398785,0.03295857540783784,0.14116304673158614,0.03464302489405495,12.18016627499992
AR2_errors,two_peak_followup,19,3,followup_shapes,success,,0.11095525638926654,0.2857142857142857,0.09251382083058905,1,0,1,0,0,0,0,"[{""optimizer"": ""lbfgs"", ""converged"": true, ""log_likelihood"": -6.721727912284504, ""valid"": true}]",,False,-6.721727912284504,0.14147665854679145,0.03257155364674996,0.12725900403157717,0.01601485174470974,0.12475830469081502,0.018768564927928583,0.13397456052450493,0.022181666646501553,0.15490777153264687,0.01998771438997234,0.1875579377152409,0.019452488272377912,0.23192505907228703,0.03622641185495465,6.117090251000036
AR2_errors,two_peak_followup,19,5,followup_shapes,success,,0.04257923031508592,0.8571428571428571,0.11541515205634222,1,1,1,1,1,1,0,"[{""optimizer"": ""lbfgs"", ""converged"": true, ""log_likelihood"": 12.925805507505164, ""valid"": true}]",,False,12.925805507505164,0.09572162970585878,0.03335569642666783,0.2635685947301172,0.03164107666525907,0.10584441901305912,0.023213104189845717,0.01465232271869768,0.02985379747906912,0.12410665226915098,0.0240360415117987,0.3103328803446424,0.029477177193909142,0.1914676058835011,0.034521592348347216,12.612639431999924
AR2_errors,two_peak_followup,19,7,followup_shapes,success,,0.044409125198401886,0.8571428571428571,0.13609981064409418,1,1,1,1,1,1,0,"[{""optimizer"": ""lbfgs"", ""converged"": true, ""log_likelihood"": 15.378782904136214, ""valid"": true}]",,False,15.378782904136214,0.0911883091750057,0.03353444454330074,0.26756715299417205,0.03307078351941434,0.0903577258045035,0.03462440581947278,0.058973189480893515,0.037720106064157766,0.07153526990786789,0.03637012188929174,0.3404645858617871,0.033050612010552274,0.18027643311234565,0.03466490230397854,15.367525827000009
AR2_errors,broad_peak_followup,20,3,followup_shapes,success,,0.04754807386635132,0.7142857142857143,0.10525827428663662,1,0,1,1,1,1,0,"[{""optimizer"": ""lbfgs"", ""converged"": true, ""log_likelihood"": -0.8964521517304158, ""valid"": true}]",,False,-0.8964521517304158,0.07202598758272609,0.038154866284057044,0.2543330650390973,0.02182972517038362,0.3580338058865794,0.02346439186407332,0.3831282101251723,0.026424642401309893,0.329616277754876,0.02375213678126264,0.1974980087756906,0.020422754946328316,-0.013226596812384044,0.03391268663586484,7.6120908769999005
AR2_errors,broad_peak_followup,20,5,followup_shapes,success,,0.0405511613273996,0.8571428571428571,0.1320651434125904,1,1,0,1,1,1,1,"[{""optimizer"": ""lbfgs"", ""converged"": true, ""log_likelihood"": 2.0468731979888357, ""valid"": true}]",,False,2.0468731979888357,0.07626388413298772,0.03956455186175424,0.22275639628567964,0.034715292794290434,0.3838393208736371,0.03152599050715077,0.42893283083406814,0.03296377389661358,0.3241532808478973,0.026610320591675115,0.13231320733976612,0.034004181781497556,0.012921328478031997,0.03644650180378684,12.289165984999954
AR2_errors,broad_peak_followup,20,7,followup_shapes,success,,0.04142247952358458,1.0,0.1537108207982598,1,1,1,1,1,1,1,"[{""optimizer"": ""lbfgs"", ""converged"": true, ""log_likelihood"": 2.133607836861704, ""valid"": true}]",,False,2.133607836861704,0.07857149790707328,0.03995766756740948,0.21794673325072322,0.03795252147419756,0.39395459026338975,0.04306276980256021,0.42230381374274073,0.03882262466822838,0.3252545579806584,0.041436726174942005,0.13474923193135738,0.03574557389662775,0.012643269196030805,0.03750572498435567,13.410923637999986
AR2_errors,two_peak_followup,20,3,followup_shapes,success,,0.12560785990703247,0.2857142857142857,0.11678624076877643,1,0,0,0,0,0,1,"[{""optimizer"": ""lbfgs"", ""converged"": true, ""log_likelihood"": -27.123555789214684, ""valid"": true}]",,False,-27.123555789214684,0.15504287276153952,0.03693558092130754,0.18385139523114147,0.02180396396679773,0.19175826937688856,0.02542127672275274,0.17876349519878085,0.028199586564242086,0.1448670726968183,0.025061041897109892,0.09006900187100098,0.025252688920523885,0.014369282721328801,0.0458727195229383,2.16383663900001
AR2_errors,two_peak_followup,20,5,followup_shapes,success,,0.043176690722324745,0.8571428571428571,0.13193190814813543,1,1,0,1,1,1,1,"[{""optimizer"": ""lbfgs"", ""converged"": true, ""log_likelihood"": 2.076127887620533, ""valid"": true}]",,False,2.076127887620533,0.11720959005821333,0.03952135699343806,0.3588818637370284,0.034244155547885034,0.1671872197341854,0.03134590510368524,0.026020182115869865,0.03312619847183287,0.10648465345194222,0.02676063802888962,0.26689391481593794,0.03402479723616969,0.05277062578506777,0.03656964173976994,13.513793283000041
AR2_errors,two_peak_followup,20,7,followup_shapes,success,,0.042111513756057345,1.0,0.15393522040892532,1,1,1,1,1,1,1,"[{""optimizer"": ""lbfgs"", ""converged"": true, ""log_likelihood"": 2.0151819037011762, ""valid"": true}]",,False,2.0151819037011762,0.11662773059745508,0.040120297834178566,0.3548270756627363,0.038175046145150285,0.16734318261008468,0.043106921152272985,0.029386099688729017,0.03889183978166689,0.09838172621480798,0.041380729177798475,0.27143773155556,0.0357226351724489,0.05112835111211485,0.03748685289527916,12.017023496000093
ARMA21_errors,broad_peak_followup,1,3,followup_shapes,success,,0.04573951043656956,0.5714285714285714,0.09073579824394154,1,0,1,0,1,0,1,"[{""optimizer"": ""lbfgs"", ""converged"": true, ""log_likelihood"": 23.118539668094833, ""valid"": true}]",,False,23.118539668094833,0.042065928903986964,0.03227160715814379,0.20546185812729617,0.018919927442139443,0.307857904781722,0.01791979171911979,0.34925406886726423,0.019469831937543557,0.32965035038392304,0.01872498535249073,0.24904674933169843,0.020620609461163997,0.10744326571059026,0.0341014580792943,3.2951858900000843
ARMA21_errors,broad_peak_followup,1,5,followup_shapes,success,,0.03494062859743148,1.0,0.12385058434292831,1,1,1,1,1,1,1,"[{""optimizer"": ""lbfgs"", ""converged"": true, ""log_likelihood"": 24.620643746484042, ""valid"": true}]",,False,24.620643746484042,0.039947480008343625,0.03224639538643174,0.15719240263163126,0.03264848504374836,0.3074536453242727,0.0255377818816695,0.3884963406464735,0.030180170894572377,0.35815829707899094,0.02797419019077016,0.23434999902313436,0.03811857575896712,0.09505460680076455,0.03445615859906989,3.795464799000001
ARMA21_errors,broad_peak_followup,1,7,followup_shapes,success,,0.03497528011312596,1.0,0.13855040218937129,1,1,1,1,1,1,1,"[{""optimizer"": ""lbfgs"", ""converged"": true, ""log_likelihood"": 24.665920176898112, ""valid"": true}]",,False,24.665920176898112,0.04003055305595607,0.03203487003052268,0.1555309638073999,0.03360461065463275,0.3139626575769965,0.03753438959691835,0.38464971330659703,0.03435274451850795,0.3558562228275004,0.03650318573936476,0.23505908125583294,0.03860754508819586,0.09606059140659079,0.03477408685287777,8.415691054999797
ARMA21_errors,two_peak_followup,1,3,followup_shapes,success,,0.1295193761490477,0.2857142857142857,0.10087159366658864,1,0,0,0,0,0,1,"[{""optimizer"": ""lbfgs"", ""converged"": true, ""log_likelihood"": -6.530449742156264, ""valid"": true}]",,False,-6.530449742156264,0.02395543396429062,0.03886303241899613,0.11900109313878562,0.020757380613719987,0.18025341311799795,0.019792406255778036,0.2077123939019275,0.02225295997992692,0.2013780354905743,0.02056029828522402,0.1612503378839384,0.02085836863774364,0.08732930108201967,0.03704339964180529,3.006999192999956
ARMA21_errors,two_peak_followup,1,5,followup_shapes,success,,0.03663446914784457,1.0,0.1241311962443616,1,1,1,1,1,1,1,"[{""optimizer"": ""lbfgs"", ""converged"": true, ""log_likelihood"": 24.513893069010457, ""valid"": true}]",,False,24.513893069010457,0.07949431404144763,0.03240247753359407,0.2909039474277996,0.03247432710491516,0.08626198426406358,0.025554985362839157,-0.019546442778284105,0.03035064996136724,0.13701549370262994,0.028021529286498873,0.36813631583907624,0.03819606841254078,0.13465624049372285,0.03466281277460472,3.570652735999829
ARMA21_errors,two_peak_followup,1,7,followup_shapes,success,,0.034964515735865835,1.0,0.1385547825305487,1,1,1,1,1,1,1,"[{""optimizer"": ""lbfgs"", ""converged"": true, ""log_likelihood"": 24.665920261402192, ""valid"": true}]",,False,24.665920261402192,0.07776648210114773,0.03203426714181838,0.29109619117759067,0.03360565581794377,0.08555621492806727,0.03753675996245627,-0.010065001409349322,0.03435485503457242,0.1274207063806288,0.03650491145548404,0.3705975156273116,0.038609253649948966,0.13378086724429927,0.034773551456613136,6.803924911000195
ARMA21_errors,broad_peak_followup,2,3,followup_shapes,success,,0.03590315618817476,0.5714285714285714,0.0764144137360442,1,0,1,0,1,0,1,"[{""optimizer"": ""lbfgs"", ""converged"": true, ""log_likelihood"": 13.847213402396687, ""valid"": true}]",,False,13.847213402396687,0.05872187971354693,0.03139415637768039,0.22057887412976324,0.014789968146381602,0.3150278024751675,0.015598011778122074,0.34206866474975967,0.017784843797484517,0.3017014609535397,0.014053639640808514,0.19392619108650783,0.012221874932880634,0.018742855148663785,0.03061181556957832,7.854870157999812
ARMA21_errors,broad_peak_followup,2,5,followup_shapes,success,,0.03053461704292894,1.0,0.10537252322673421,1,1,1,1,1,1,1,"[{""optimizer"": ""lbfgs"", ""converged"": true, ""log_likelihood"": 15.831978044560636, ""valid"": true}]",,False,15.831978044560636,0.07796177894302152,0.032868636833270556,0.1706340844402911,0.028397669923890853,0.2930799211362852,0.021623251495537732,0.3611796029342911,0.025339099856788293,0.33139334393697356,0.02078567002249904,0.20076125844637502,0.02757768550900516,0.006903360963914985,0.03157320640674804,12.217681156999788
ARMA21_errors,broad_peak_followup,2,7,followup_shapes,success,,0.03240701365204847,1.0,0.11934843199991148,1,1,1,1,1,1,1,"[{""optimizer"": ""lbfgs"", ""converged"": true, ""log_likelihood"": 11.42513363983141, ""valid"": true}]",,False,11.42513363983141,0.07327403943540733,0.0318591194087844,0.1723111925931156,0.031574344424876104,0.29712267549247695,0.029271129135987423,0.35357551171698365,0.03152733249718853,0.35541479702563566,0.028839334782294487,0.18785688492208932,0.02833349696242294,0.004640926145183041,0.031717442788288024,4.489193796000109
ARMA21_errors,two_peak_followup,2,3,followup_shapes,success,,0.12276077291445968,0.2857142857142857,0.10647272063066691,1,0,0,0,0,0,1,"[{""optimizer"": ""lbfgs"", ""converged"": true, ""log_likelihood"": -30.77782956217004, ""valid"": true}]",,False,-30.77782956217004,0.07261619861792072,0.03892340292374929,0.12974406015154732,0.022175947381818724,0.16146581727079035,0.022747157558638813,0.1677814699756498,0.02458725967048195,0.14869101826612566,0.021163411191988127,0.10419446214221798,0.020606220883575874,0.0342918016039267,0.03992645865879531,2.4166770960000576
ARMA21_errors,two_peak_followup,2,5,followup_shapes,success,,0.03159972625621051,0.8571428571428571,0.10509571186936481,1,1,1,0,1,1,1,"[{""optimizer"": ""lbfgs"", ""converged"": true, ""log_likelihood"": 16.295560574558216, ""valid"": true}]",,False,16.295560574558216,0.1157220833487548,0.03294274781443807,0.30126239885787015,0.02839343369789174,0.07180690242674556,0.021403380646427574,-0.0452761593155379,0.02517200644250143,0.11036477137685965,0.020723824015299732,0.3320645633665373,0.02747681906573308,0.04614139663285342,0.03155870237014554,15.952155957999821
ARMA21_errors,two_peak_followup,2,7,followup_shapes,success,,0.03313985689399471,1.0,0.12013790969630644,1,1,1,1,1,1,1,"[{""optimizer"": ""lbfgs"", ""converged"": true, ""log_likelihood"": 16.50088088810025, ""valid"": true}]",,False,16.50088088810025,0.11545470993092681,0.03281731778739614,0.3074208541767619,0.030893331767263076,0.06450342522993428,0.02993118112192339,-0.04749763439701751,0.031539710144593704,0.12327582658042124,0.03002844277624416,0.32420503461896155,0.027347579360298982,0.04748125893495812,0.031974418642827775,16.4339158329999
ARMA21_errors,broad_peak_followup,3,3,followup_shapes,success,,0.045011976087906656,0.7142857142857143,0.11598755110179103,1,0,1,1,1,0,1,"[{""optimizer"": ""lbfgs"", ""converged"": true, ""log_likelihood"": 3.959055239569511, ""valid"": true}]",,False,3.959055239569511,0.07080588154340485,0.03689779993397863,0.2468110255651427,0.028349498186296878,0.3514104412488045,0.02856358715277774,0.3846041285943901,0.028040580848772804,0.3463920876018995,0.02404928627896299,0.23677431827133283,0.02304043451215507,0.05575082060268998,0.038179440054539826,5.415427581999666
ARMA21_errors,broad_peak_followup,3,5,followup_shapes,success,,0.037506431952693584,1.0,0.13829077615790855,1,1,1,1,1,1,1,"[{""optimizer"": ""lbfgs"", ""converged"": true, ""log_likelihood"": 9.37330917008972, ""valid"": true}]",,False,9.37330917008972,0.07325212938959257,0.03796018069570358,0.1971915863199461,0.03446430001434124,0.3847516921997958,0.035867555938701445,0.45497104495414226,0.03706924325777113,0.353845233965575,0.029676434374428587,0.15432684007427225,0.0322956087681342,0.05632543557800053,0.03961449151861358,5.558841614999892
ARMA21_errors,broad_peak_followup,3,7,followup_shapes,success,,0.039749268514622765,1.0,0.151720818921307,1,1,1,1,1,1,1,"[{""optimizer"": ""lbfgs"", ""converged"": true, ""log_likelihood"": 10.452146093895518, ""valid"": true}]",,False,10.452146093895518,0.07767002523050887,0.03845187487240655,0.20368841739612925,0.03727638344181033,0.35950325559799556,0.04172377218637473,0.4822964700203993,0.04624285913946405,0.34206798944201255,0.0362541048223369,0.15299456867727115,0.03181257125903965,0.06126603777643183,0.039168468066615995,4.938666683000065
ARMA21_errors,two_peak_followup,3,3,followup_shapes,success,,0.11258050602699551,0.0,0.11016160724278275,0,0,0,0,0,0,0,"[{""optimizer"": ""lbfgs"", ""converged"": true, ""log_likelihood"": -7.00608333714665, ""valid"": true}]",,False,-7.00608333714665,0.17803991172306113,0.04188624586210104,0.1758170789955835,0.024073160124042578,0.17485591922081337,0.022719831196537237,0.17515643239875073,0.0244666708069649,0.17671861852939563,0.022188606231374468,0.179542477612748,0.022232209186536976,0.1836280096488079,0.039150432383126266,10.284439092999946
ARMA21_errors,two_peak_followup,3,5,followup_shapes,success,,0.038479664532774405,0.8571428571428571,0.13885480497999084,1,1,0,1,1,1,1,"[{""optimizer"": ""lbfgs"", ""converged"": true, ""log_likelihood"": 8.281744402932663, ""valid"": true}]",,False,8.281744402932663,0.11012518392348329,0.038409435050134666,0.3315347706969791,0.03439530363435248,0.16479121718889092,0.03588700748647318,0.04806513843740578,0.037197966908383215,0.13367030174477826,0.02974295055822881,0.2880636266773304,0.032532168327780615,0.09184518506545193,0.039790176927487785,3.6519040799998947
ARMA21_errors,two_peak_followup,3,7,followup_shapes,success,,0.03970496911915406,1.0,0.15171463892306133,1,1,1,1,1,1,1,"[{""optimizer"": ""lbfgs"", ""converged"": true, ""log_likelihood"": 10.452125916861183, ""valid"": true}]",,False,10.452125916861183,0.11535143415207487,0.038450539359016565,0.3392010915939757,0.03727354224766153,0.1309972548645068,0.04172424394334654,0.08751362067949105,0.04624126976680863,0.11358459769003579,0.03624951037300624,0.2885190350569924,0.0318120670883078,0.09897452713740972,0.03916782529874791,4.735552964999897
ARMA21_errors,broad_peak_followup,4,3,followup_shapes,success,,0.03446615354139214,0.5714285714285714,0.09194115232220658,1,0,1,0,1,0,1,"[{""optimizer"": ""lbfgs"", ""converged"": true, ""log_likelihood"": 5.219423105088023, ""valid"": true}]",,False,5.219423105088023,0.04956751077008635,0.031823346291397686,0.21351845550327184,0.021465162054025957,0.3123427913493467,0.020779472063162264,0.346040518308311,0.021043362148130004,0.31461163638016465,0.01874153062126626,0.21805614556490774,0.01883661319232956,0.05637404586254015,0.03149114277648573,6.6012051959996825
ARMA21_errors,broad_peak_followup,4,5,followup_shapes,success,,0.005852069736285423,1.0,0.1250545002595292,1,1,1,1,1,1,1,"[{""optimizer"": ""lbfgs"", ""converged"": true, ""log_likelihood"": 7.624694991958949, ""valid"": true}]",,False,7.624694991958949,0.049459000069998045,0.033479864585834435,0.1559871213624245,0.036751831912802735,0.3207833438812898,0.02565293023532213,0.3960822162115758,0.031115261803522157,0.33028280936071147,0.02575417996010778,0.1679487167585725,0.035478244212882315,0.0498080542574813,0.03507929489583057,3.058175069999834
ARMA21_errors,broad_peak_followup,4,7,followup_shapes,success,,0.018376393557163362,1.0,0.14273264875104313,1,1,1,1,1,1,1,"[{""optimizer"": ""lbfgs"", ""converged"": true, ""log_likelihood"": 9.774214778182326, ""valid"": true}]",,False,9.774214778182326,0.04411118346248356,0.033854286627098086,0.16005993011301245,0.03611229138133042,0.2962395250632608,0.03809953693095761,0.43711993435418556,0.03534285088198897,0.3058970515012585,0.039139746538781627,0.17062333924286188,0.03755919642912042,0.04764339614144604,0.0347718211232999,3.568571249999877
ARMA21_errors,two_peak_followup,4,3,followup_shapes,success,,0.11803561029915031,0.2857142857142857,0.0958337970321403,1,0,0,0,0,0,1,"[{""optimizer"": ""lbfgs"", ""converged"": true, ""log_likelihood"": -15.376740237046672, ""valid"": true}]",,False,-15.376740237046672,0.0678605510554203,0.0362748967135256,0.12019349896351336,0.020423187459284623,0.1515933877817012,0.019051508780333924,0.16206021750998384,0.020700915023621504,0.15159398814836123,0.01913592201660728,0.1201946996968334,0.020138862893404535,0.06786235215540032,0.035406487527758795,5.217523915000129
ARMA21_errors,two_peak_followup,4,5,followup_shapes,success,,0.010780452301084782,1.0,0.12584476124763236,1,1,1,1,1,1,1,"[{""optimizer"": ""lbfgs"", ""converged"": true, ""log_likelihood"": 6.142121122214153, ""valid"": true}]",,False,6.142121122214153,0.09029665455342344,0.03400455223864527,0.28843654036481814,0.03678909533227963,0.09910472449819302,0.02566678007800013,-0.011167775521911479,0.03123477036361437,0.110141650916651,0.025914701051904715,0.301547207513633,0.035358893878939375,0.08755469105639346,0.03575399499881716,5.058308293000209
ARMA21_errors,two_peak_followup,4,7,followup_shapes,success,,0.018377063720628375,1.0,0.14273259492741872,1,1,1,1,1,1,1,"[{""optimizer"": ""lbfgs"", ""converged"": true, ""log_likelihood"": 9.77421674650051, ""valid"": true}]",,False,9.77421674650051,0.08183147472820573,0.0338541557257643,0.295617183615751,0.03611238718992337,0.0678278562050669,0.03809867897756648,0.04240116560341367,0.03534374361915539,0.07747557743697821,0.0391402681598082,0.3061698975759755,0.037558559315942285,0.08537583902435228,0.03477184081080192,3.579214605999823
ARMA21_errors,broad_peak_followup,5,3,followup_shapes,success,,0.039346398447884734,0.7142857142857143,0.09448596912599928,1,0,1,0,1,1,1,"[{""optimizer"": ""lbfgs"", ""converged"": true, ""log_likelihood"": 1.8463889182032325, ""valid"": true}]",,False,1.8463889182032325,0.07251631977447999,0.03446607428861591,0.2164264248962847,0.02003546959236944,0.3011548466731584,0.01950351415351068,0.326701585105101,0.02095631357042145,0.2930666401921125,0.018939198627292427,0.200250011934193,0.019658996665607803,0.04825170033134241,0.035165377970038145,2.787493768999866
ARMA21_errors,broad_peak_followup,5,5,followup_shapes,success,,0.013680802825175349,1.0,0.12284583686647142,1,1,1,1,1,1,1,"[{""optimizer"": ""lbfgs"", ""converged"": true, ""log_likelihood"": 6.272092668803978, ""valid"": true}]",,False,6.272092668803978,0.07684980928169177,0.03508240956424289,0.1455579051593061,0.03308806480990901,0.3116503320385326,0.02616727240689393,0.3916293667685756,0.029771829596087977,0.3198573280432813,0.027377014317207498,0.14855657640113795,0.032582874643518264,0.047809514225275115,0.03529810049512507,8.13972035100005
ARMA21_errors,broad_peak_followup,5,7,followup_shapes,success,,0.019370660206052517,1.0,0.13950436447929543,1,1,1,1,1,1,1,"[{""optimizer"": ""lbfgs"", ""converged"": true, ""log_likelihood"": 7.569475868570969, ""valid"": true}]",,False,7.569475868570969,0.07560441794428086,0.0353462608265861,0.14186013657601348,0.03463304962760665,0.30921559098666673,0.03893041901974107,0.4182429727457995,0.03230029774130811,0.28655479796560857,0.038029948561946476,0.16148116166573157,0.0351291996898034,0.04686980787696362,0.03474576110317855,3.90023370300014
ARMA21_errors,two_peak_followup,5,3,followup_shapes,success,,0.10807521229181179,0.42857142857142855,0.10928467563519297,1,0,0,0,1,0,1,"[{""optimizer"": ""lbfgs"", ""converged"": true, ""log_likelihood"": -19.422936051135657, ""valid"": true}]",,False,-19.422936051135657,0.12678961865337604,0.04150952220692021,0.13468054750801986,0.021281918126663756,0.13806805441585362,0.022940718562831867,0.1369521393768773,0.026103680743637097,0.13133280239109096,0.022353368348629832,0.12121004345849455,0.02013826752423409,0.10658386257908808,0.04082373097849918,3.102102850999927
ARMA21_errors,two_peak_followup,5,5,followup_shapes,success,,0.016097130693778248,1.0,0.12301128876383141,1,1,1,1,1,1,1,"[{""optimizer"": ""lbfgs"", ""converged"": true, ""log_likelihood"": 5.240282480038918, ""valid"": true}]",,False,5.240282480038918,0.11511535224726573,0.03526314045285438,0.2788290670842458,0.03283081190115425,0.09154636812490195,0.025881063913178685,-0.014808153845819202,0.029840664669008643,0.09941377463106364,0.02772271324457587,0.2815841096885666,0.03257299627752193,0.08679849013374101,0.03555162519140521,7.506070031000036
ARMA21_errors,two_peak_followup,5,7,followup_shapes,success,,0.019380085799489608,1.0,0.13950566499383518,1,1,1,1,1,1,1,"[{""optimizer"": ""lbfgs"", ""converged"": true, ""log_likelihood"": 7.56949306968266, ""valid"": true}]",,False,7.56949306968266,0.11332402551692661,0.0353443173272473,0.2773816157691488,0.03463358589250225,0.08076683087505193,0.03893295487256984,0.02349405465600371,0.03229898983158374,0.05811200392750106,0.038030900230025276,0.29701152505337547,0.035132702743212826,0.08458709301438055,0.03474380802042165,4.114378946000215
ARMA21_errors,broad_peak_followup,6,3,followup_shapes,success,,0.0504807641671489,0.5714285714285714,0.10620213335701305,1,0,1,0,0,1,1,"[{""optimizer"": ""lbfgs"", ""converged"": true, ""log_likelihood"": -9.904676628730645, ""valid"": true}]",,False,-9.904676628730645,0.10705204289533829,0.03819981065406122,0.23661904944353912,0.023416894815043887,0.308171456332615,0.02349772040786701,0.32170926356256585,0.024933120957155653,0.2772324711333917,0.02196558576893531,0.17474107904509267,0.020850154627618654,0.014235087297668586,0.03678337947827015,3.1458246150000377
ARMA21_errors,broad_peak_followup,6,5,followup_shapes,success,,0.05078174543393607,0.8571428571428571,0.13924826567013346,1,1,1,1,1,0,1,"[{""optimizer"": ""lbfgs"", ""converged"": true, ""log_likelihood"": -6.155117940648912, ""valid"": true}]",,False,-6.155117940648912,0.08878558585679117,0.038011109487205076,0.22066600152075724,0.03917725829129966,0.3610253738280698,0.03081893468326275,0.3866121108511366,0.03296609804470533,0.2711895156949271,0.03222992820308204,0.08553578649697263,0.038669050785049924,-0.002555983572634542,0.03678523777349071,5.305659491999904
ARMA21_errors,broad_peak_followup,6,7,followup_shapes,success,,0.052858188122901155,0.8571428571428571,0.15010506241618274,1,1,1,1,1,0,1,"[{""optimizer"": ""lbfgs"", ""converged"": true, ""log_likelihood"": -3.6386837109210584, ""valid"": true}]",,False,-3.6386837109210584,0.09711538147589814,0.03811884893975814,0.22463691122839388,0.039460255734246844,0.3266856707356036,0.03546717354176414,0.42493262048127745,0.04056607740503212,0.2620945186924607,0.037073248414030764,0.08074146131451798,0.0404524677120867,-0.0009241656879640514,0.036906682567693284,6.9296181380000235
ARMA21_errors,two_peak_followup,6,3,followup_shapes,success,,0.13561226252703548,0.14285714285714285,0.1210737196272509,1,0,0,0,0,0,0,"[{""optimizer"": ""lbfgs"", ""converged"": true, ""log_likelihood"": -34.58512075099358, ""valid"": true}]",,False,-34.58512075099358,0.07947789481868135,0.04150514728709679,0.14997516173828554,0.024465574982426855,0.1853895839170726,0.026284178426033377,0.18572116135504257,0.028482369704087886,0.15096989405219538,0.024813275606654604,0.08113578200853108,0.024586077413670457,-0.023781174775950365,0.04606644734297808,2.661770368999896
ARMA21_errors,two_peak_followup,6,5,followup_shapes,success,,0.05143189030640704,0.8571428571428571,0.13980197962386937,1,1,1,1,1,0,1,"[{""optimizer"": ""lbfgs"", ""converged"": true, ""log_likelihood"": -8.049765524603362, ""valid"": true}]",,False,-8.049765524603362,0.12427794198213954,0.03823334067073692,0.35533141959340714,0.03926310028533132,0.14064241397855265,0.0309219239853294,-0.021239829657767634,0.033058862273740205,0.05081877529452185,0.03236698857395069,0.22053715685091624,0.038702691932931514,0.03421908443233042,0.03709948446346091,3.9237480059996415
ARMA21_errors,two_peak_followup,6,7,followup_shapes,success,,0.05286594918042496,0.8571428571428571,0.15010544165006517,1,1,1,1,1,0,1,"[{""optimizer"": ""lbfgs"", ""converged"": true, ""log_likelihood"": -3.6386879697280494, ""valid"": true}]",,False,-3.6386879697280494,0.13486025803014456,0.038119141150771224,0.36019407737462383,0.03946071560382949,0.09825889914730356,0.035467693233808224,0.030180038418084865,0.04056620851503258,0.03364917333246012,0.03707259235282551,0.2162830866445856,0.04045236460741965,0.03680177252270443,0.03690671605428689,9.181586225000046
ARMA21_errors,broad_peak_followup,7,3,followup_shapes,success,,0.04470927504342635,0.8571428571428571,0.11602673462912656,1,1,1,1,1,0,1,"[{""optimizer"": ""lbfgs"", ""converged"": true, ""log_likelihood"": -17.440986972890297, ""valid"": true}]",,False,-17.440986972890297,0.04011837966908825,0.04171914087841458,0.21077251221817633,0.027018535496248514,0.3172077764786043,0.024557360967095102,0.35942417245037206,0.025206308305345978,0.3374217001334796,0.02399487146731379,0.251200359527927,0.02542262162578582,0.1007601506337142,0.03927175881180793,3.177252010999837
ARMA21_errors,broad_peak_followup,7,5,followup_shapes,success,,0.03107553654189561,1.0,0.14628525525160513,1,1,1,1,1,1,1,"[{""optimizer"": ""lbfgs"", ""converged"": true, ""log_likelihood"": -14.326215128664028, ""valid"": true}]",,False,-14.326215128664028,0.018257400692170196,0.041489676505087315,0.19976749529140025,0.04390394088238427,0.3650501873970996,0.031273687004139405,0.41111071622263107,0.03257038712959918,0.3213480846913928,0.030888428144737287,0.16555505943681786,0.042500383990322896,0.09991817080237407,0.03859716643588165,4.085446590000174
ARMA21_errors,broad_peak_followup,7,7,followup_shapes,success,,0.030596621252663835,1.0,0.16263910974466841,1,1,1,1,1,1,1,"[{""optimizer"": ""lbfgs"", ""converged"": true, ""log_likelihood"": -13.105577485757829, ""valid"": true}]",,False,-13.105577485757829,0.024621724513020752,0.04255707350157594,0.2127587872846737,0.04479547962540332,0.3341682906404301,0.04102247148920953,0.4049669472394232,0.037784658048910284,0.36024637972534906,0.04186050217908458,0.15198129592704163,0.04467558207723435,0.09127255541671579,0.03773121476548985,9.02866472400001
ARMA21_errors,two_peak_followup,7,3,followup_shapes,success,,0.1350308678898325,0.14285714285714285,0.11922024947971424,0,0,0,0,0,0,1,"[{""optimizer"": ""lbfgs"", ""converged"": true, ""log_likelihood"": -39.4660811624466, ""valid"": true}]",,False,-39.4660811624466,0.008118314153408301,0.04166710331012811,0.11694490478476673,0.028095653849201638,0.1868245018440078,0.026374907423624628,0.21775710533113146,0.02616923160128192,0.2097427152461377,0.02331758243123338,0.16278133158902658,0.024818088451878908,0.07687295435979803,0.042450735574998295,3.080949278999924
ARMA21_errors,two_peak_followup,7,5,followup_shapes,success,,0.03271827604139378,1.0,0.1461897655916929,1,1,1,1,1,1,1,"[{""optimizer"": ""lbfgs"", ""converged"": true, ""log_likelihood"": -14.335751128909276, ""valid"": true}]",,False,-14.335751128909276,0.054668130229127136,0.04182434418817953,0.33550748659624285,0.04395795236323515,0.1445571150396985,0.03129167204767312,0.00257406688798613,0.03235065210623951,0.10087555720956153,0.030811022522174908,0.3013389648128448,0.04240009779497057,0.13640183224622052,0.03841741181983596,3.842408247000094
ARMA21_errors,two_peak_followup,7,7,followup_shapes,success,,0.030564698257601167,1.0,0.1626419988629863,1,1,1,1,1,1,1,"[{""optimizer"": ""lbfgs"", ""converged"": true, ""log_likelihood"": -13.105585306996545, ""valid"": true}]",,False,-13.105585306996545,0.062373480443216625,0.042553288630868616,0.34830101115654377,0.04479586211016028,0.1057323238052854,0.041025088482407934,0.010180105367261438,0.03778431207714653,0.1317331449608482,0.04185998887277381,0.28745028437352105,0.04468122828313755,0.1289386909042307,0.03773237237026649,8.525154148000183
ARMA21_errors,broad_peak_followup,8,3,followup_shapes,success,,0.0424863203760225,0.7142857142857143,0.11162590012387899,1,0,1,1,1,0,1,"[{""optimizer"": ""lbfgs"", ""converged"": true, ""log_likelihood"": -12.327775628873052, ""valid"": true}]",,False,-12.327775628873052,0.035586135787969084,0.03837941810747592,0.23647884066861263,0.02286057784908762,0.3557912191066345,0.025110798969364835,0.3935232711020346,0.02731571688502916,0.349674996654813,0.023510607208937145,0.22424639576496974,0.021627095328082747,0.01723746843250469,0.040527750158949334,2.871562639000331
ARMA21_errors,broad_peak_followup,8,5,followup_shapes,success,,0.06249850404621837,0.8571428571428571,0.1585936934948,1,1,1,1,0,1,1,"[{""optimizer"": ""lbfgs"", ""converged"": true, ""log_likelihood"": -5.872923229180141, ""valid"": true}]",,False,-5.872923229180141,0.04495476599835626,0.04366395077900363,0.11020134579968638,0.036170976408212256,0.32807252481078175,0.03902498602016549,0.4697359901562123,0.03870162958908142,0.4290401584784445,0.035994101774016816,0.2225141759378408,0.0487452329803583,-0.010632081787340585,0.040902146547019236,3.430130332999852
ARMA21_errors,broad_peak_followup,8,7,followup_shapes,success,,0.06501776788036802,0.7142857142857143,0.17131232927354903,1,1,1,0,0,1,1,"[{""optimizer"": ""lbfgs"", ""converged"": true, ""log_likelihood"": -4.426419650727434, ""valid"": true}]",,False,-4.426419650727434,0.041814649453597426,0.043950035137286174,0.11802842282562973,0.03772648694035426,0.30054239985226144,0.04707195525833123,0.5028628754852844,0.0432844369829595,0.4112308033172385,0.04522512071257493,0.22576889396662925,0.04802767790803891,-0.011318300459712612,0.04062916076322109,8.268389750000097
ARMA21_errors,two_peak_followup,8,3,followup_shapes,success,,0.1395643304848027,0.2857142857142857,0.12112822008885048,1,0,0,0,0,0,1,"[{""optimizer"": ""lbfgs"", ""converged"": true, ""log_likelihood"": -30.054144460615735, ""valid"": true}]",,False,-30.054144460615735,0.0615553141988049,0.04503422446692927,0.16489592762382352,0.025841629349557575,0.22447325080655553,0.026160931416679196,0.24028728374700087,0.028065203271867175,0.21233802644515953,0.023916647771601744,0.1406254789010316,0.02272772576088939,0.025149641114616973,0.04455403097828007,3.3898936390000927
ARMA21_errors,two_peak_followup,8,5,followup_shapes,success,,0.06331982667530905,0.8571428571428571,0.15809188772359622,1,1,1,1,0,1,1,"[{""optimizer"": ""lbfgs"", ""converged"": true, ""log_likelihood"": -7.021137093830498, ""valid"": true}]",,False,-7.021137093830498,0.08495300146791776,0.04371311148377891,0.24327715752438459,0.03600387129926803,0.10777150100915472,0.03901567159269019,0.06375127207204259,0.038746239998250706,0.20942631888720573,0.03569768481526568,0.355901097653145,0.04800575395920009,0.027174672592704653,0.0411246092151111,3.0687473550001414
ARMA21_errors,two_peak_followup,8,7,followup_shapes,success,,0.06504310284663271,0.7142857142857143,0.1713092120825299,1,1,1,0,0,1,1,"[{""optimizer"": ""lbfgs"", ""converged"": true, ""log_likelihood"": -4.426374730969298, ""valid"": true}]",,False,-4.426374730969298,0.07960879941073136,0.04394896261067863,0.25363638959729,0.03772258081052485,0.07219413436189873,0.04707633165104289,0.10821060501034334,0.04328356236116522,0.18287919250327891,0.0452215899371313,0.3613909826390518,0.048025981465615104,0.026439160389568,0.04063029845407391,8.896576645000096
ARMA21_errors,broad_peak_followup,9,3,followup_shapes,success,,0.05277263655078543,0.7142857142857143,0.11607141189401098,1,0,1,1,1,0,1,"[{""optimizer"": ""lbfgs"", ""converged"": true, ""log_likelihood"": -7.649607595043088, ""valid"": true}]",,False,-7.649607595043088,0.0823670838872609,0.039189649628913054,0.237939646596003,0.02569537491561589,0.33313840531908734,0.025541274227984658,0.3679633600565139,0.027422708985868807,0.34241451080828256,0.026190396575598098,0.2564918575743936,0.025841221959435116,0.11019540035484661,0.03738975208874681,3.377202517999649
ARMA21_errors,broad_peak_followup,9,5,followup_shapes,success,,0.04480367102117509,1.0,0.16323817116601805,1,1,1,1,1,1,1,"[{""optimizer"": ""lbfgs"", ""converged"": true, ""log_likelihood"": -7.463993184312935, ""valid"": true}]",,False,-7.463993184312935,0.07779871020458969,0.041320465300010246,0.21534053755179675,0.048260560048003665,0.334451448649902,0.0377177721366788,0.3876812800231867,0.04208680103460712,0.355866761358266,0.038865065111181686,0.2481315155040891,0.04452963810757842,0.1018860584719388,0.03871643248697229,3.6336588509998364
ARMA21_errors,broad_peak_followup,9,7,followup_shapes,success,,0.06165341049361651,0.7142857142857143,0.16681976469997709,1,1,0,1,0,1,1,"[{""optimizer"": ""lbfgs"", ""converged"": true, ""log_likelihood"": 0.31461777786710066, ""valid"": true}]",,False,0.31461777786710066,0.0897361984055283,0.03872167784879295,0.21462123108979714,0.04724931033739567,0.23532154716298054,0.043231087286821304,0.4432353445087318,0.04331036971282337,0.40943152293858653,0.04386180829222065,0.2361612956919392,0.04441152033204095,0.07952088750519987,0.037106663154149865,10.77424989200017
ARMA21_errors,two_peak_followup,9,3,followup_shapes,success,,0.13867544875595947,0.2857142857142857,0.13245429228275493,1,0,0,0,0,0,1,"[{""optimizer"": ""lbfgs"", ""converged"": true, ""log_likelihood"": -35.95982180270015, ""valid"": true}]",,False,-35.95982180270015,0.041641707035587276,0.04530682042525445,0.15159041615594354,0.027542420954182745,0.21859288751585504,0.028967275700008146,0.24264912111532178,0.0320614780397317,0.22375911695434367,0.029763739714243093,0.16192287503292083,0.02829895933998511,0.05714039535105316,0.044584827760085724,3.100210664000315
ARMA21_errors,two_peak_followup,9,5,followup_shapes,success,,0.04733567988069458,1.0,0.1643095335927892,1,1,1,1,1,1,1,"[{""optimizer"": ""lbfgs"", ""converged"": true, ""log_likelihood"": -9.580188390692177, ""valid"": true}]",,False,-9.580188390692177,0.11886586523982778,0.04177072078456731,0.34981275661464906,0.04828175901781143,0.1121776411166769,0.03794914325480864,-0.021466287801214567,0.04226507006909706,0.13563076417886674,0.03907208991831786,0.3843951922398312,0.044658305346641634,0.13992999242960807,0.03941279302445108,4.0432358870002645
ARMA21_errors,two_peak_followup,9,7,followup_shapes,success,,0.061674003637490815,0.7142857142857143,0.16681668307542388,1,1,0,1,0,1,1,"[{""optimizer"": ""lbfgs"", ""converged"": true, ""log_likelihood"": 0.3146173231403413, ""valid"": true}]",,False,0.3146173231403413,0.1274560185294885,0.03872456888952807,0.35017053644814145,0.04724492265262798,0.006901343807843852,0.043227447238454446,0.04852251260512494,0.04330771716631237,0.1810494102558801,0.04386204213821018,0.37177964184922785,0.044412138825754274,0.11730426412421946,0.037108097152369665,10.19186635699998
ARMA21_errors,broad_peak_followup,10,3,followup_shapes,success,,0.06327473455557014,0.5714285714285714,0.1276446924939834,1,1,0,0,0,1,1,"[{""optimizer"": ""lbfgs"", ""converged"": true, ""log_likelihood"": -15.141433732525686, ""valid"": true}]",,False,-15.141433732525686,0.08264744467892399,0.03892435201597783,0.18861073153855712,0.02801344389691406,0.2529083777484304,0.03089815386150218,0.2755403833085437,0.032754695993588094,0.25650674821889713,0.02934306649888204,0.19580747247949062,0.026733420413256652,0.09344255609032417,0.041269818201992395,3.24073166900007
ARMA21_errors,broad_peak_followup,10,5,followup_shapes,success,,0.04120756124955975,1.0,0.1698920551585354,1,1,1,1,1,1,1,"[{""optimizer"": ""lbfgs"", ""converged"": true, ""log_likelihood"": -13.361963923291768, ""valid"": true}]",,False,-13.361963923291768,0.06390743139110103,0.04069128994072446,0.14830555483647986,0.050522617708607824,0.27756636382648436,0.036553582320114415,0.3284079520291464,0.04339315841992537,0.2642760073817446,0.04236310596503198,0.13534381209080407,0.048495149621465804,0.07851224263209618,0.041359765950086204,4.485485126000185
ARMA21_errors,broad_peak_followup,10,7,followup_shapes,success,,0.0413387926265088,1.0,0.18614398304256838,1,1,1,1,1,1,1,"[{""optimizer"": ""lbfgs"", ""converged"": true, ""log_likelihood"": -13.280123512525957, ""valid"": true}]",,False,-13.280123512525957,0.06257643311272776,0.04134541811555988,0.14529670947703224,0.051619342525218215,0.27995894511168384,0.046615020867378794,0.3359389074395454,0.05041580781125858,0.25506969056136813,0.050762273932386665,0.13578945593728303,0.049539608260346306,0.08093065684395082,0.04210249820672365,9.157252945999971
ARMA21_errors,two_peak_followup,10,3,followup_shapes,success,,0.12756928639252213,0.5714285714285714,0.13189343980445814,1,0,1,0,1,0,1,"[{""optimizer"": ""lbfgs"", ""converged"": true, ""log_likelihood"": -35.49634682419678, ""valid"": true}]",,False,-35.49634682419678,0.02407659544195479,0.04160165983754494,0.08029248896766264,0.028498217710312884,0.11550638293738993,0.030116062118235115,0.12971827735113658,0.031926802867124675,0.12292817220890266,0.02926851068193424,0.09513606751068815,0.028805367339107116,0.04634196325649303,0.045307379096559096,2.81251232600016
ARMA21_errors,two_peak_followup,10,5,followup_shapes,success,,0.04271594279225028,0.8571428571428571,0.16976652253091382,1,1,1,0,1,1,1,"[{""optimizer"": ""lbfgs"", ""converged"": true, ""log_likelihood"": -13.870972364532134, ""valid"": true}]",,False,-13.870972364532134,0.10011042201362583,0.04096594400108209,0.28711800994697534,0.05067155174739766,0.056985217015997916,0.036469031943605845,-0.0823883908775106,0.04328281536558534,0.04304874963531582,0.04198387588301794,0.27350019939041376,0.04828947545720747,0.11532151669079069,0.04149181012159261,4.092714547000014
ARMA21_errors,two_peak_followup,10,7,followup_shapes,success,,0.04132931673535779,1.0,0.18614329474942765,1,1,1,1,1,1,1,"[{""optimizer"": ""lbfgs"", ""converged"": true, ""log_likelihood"": -13.28014170484193, ""valid"": true}]",,False,-13.28014170484193,0.10037513839498356,0.04134305390349021,0.28093573608877165,0.05161931515372591,0.05160911637037928,0.04661232100286201,-0.058772797840671055,0.05041701606707423,0.02662663543142,0.05076339414906453,0.27130829739686857,0.04954254088721865,0.11864113459543363,0.042101099460542406,9.530282030999842
ARMA21_errors,broad_peak_followup,11,3,followup_shapes,success,,0.04813009585598175,0.7142857142857143,0.1031014000876619,0,1,1,1,1,0,1,"[{""optimizer"": ""lbfgs"", ""converged"": true, ""log_likelihood"": 10.640639126065777, ""valid"": true}]",,False,10.640639126065777,-0.034908303937031634,0.036286593479217984,0.17974714516424486,0.021855719925658157,0.3150002946032162,0.022207062101490656,0.3708511443798823,0.02418335176211941,0.34729969449424314,0.022158524252751693,0.24434594494629877,0.021599685913722997,0.06198989573604914,0.03581870557872107,2.406910002999666
ARMA21_errors,broad_peak_followup,11,5,followup_shapes,success,,0.04950582138726088,0.8571428571428571,0.12980893982453695,0,1,1,1,1,1,1,"[{""optimizer"": ""lbfgs"", ""converged"": true, ""log_likelihood"": 15.720286647969935, ""valid"": true}]",,False,15.720286647969935,-0.058769850474981775,0.0366739131113698,0.15883399430252404,0.03515495780481661,0.36909330264482704,0.028614911779505606,0.4375334367819502,0.03326037118330284,0.3373811204160378,0.02786273320137663,0.14956443872135458,0.035895214146893666,0.06271283834428568,0.034339577030836586,3.065393740000218
ARMA21_errors,broad_peak_followup,11,7,followup_shapes,success,,0.05520015779830925,0.7142857142857143,0.14034794113825294,0,1,0,1,1,1,1,"[{""optimizer"": ""lbfgs"", ""converged"": true, ""log_likelihood"": 16.863134619777064, ""valid"": true}]",,False,16.863134619777064,-0.06103510334313829,0.035755066999701046,0.14586917207977468,0.03634942609611135,0.3972509148980755,0.035802318377413586,0.4383889783076007,0.03766985417401249,0.30663676898424524,0.03606723274667441,0.16399099897180935,0.03499647086795766,0.06586912463978167,0.0339809541992955,8.388488529999904
ARMA21_errors,two_peak_followup,11,3,followup_shapes,success,,0.13796851395226675,0.14285714285714285,0.1115665854098691,0,0,0,0,0,0,1,"[{""optimizer"": ""lbfgs"", ""converged"": true, ""log_likelihood"": -12.45084084324542, ""valid"": true}]",,False,-12.45084084324542,-0.020501066472040207,0.04167713825765506,0.09356449946134379,0.024640443469762865,0.16802447910387788,0.025058296912629063,0.20287887245556202,0.027140687945383688,0.19812767951639615,0.02369861267009917,0.15377090028638038,0.02055141878264179,0.0698085347655146,0.03645944733659461,2.8993129179998505
ARMA21_errors,two_peak_followup,11,5,followup_shapes,success,,0.050549947662063985,0.7142857142857143,0.12997320713092805,0,1,0,1,1,1,1,"[{""optimizer"": ""lbfgs"", ""converged"": true, ""log_likelihood"": 15.439064775631442, ""valid"": true}]",,False,15.439064775631442,-0.022057698136857692,0.03704167616903315,0.29320911105141706,0.035134013463493194,0.14903495626083982,0.028523808618316347,0.030457234127072824,0.03321956468039408,0.11722037152495982,0.027866706002588327,0.2837758255685262,0.03601731809315394,0.09928208361097948,0.034291925706821005,3.5178830929999094
ARMA21_errors,two_peak_followup,11,7,followup_shapes,success,,0.05520732097475177,0.7142857142857143,0.14034764038929176,0,1,0,1,1,1,1,"[{""optimizer"": ""lbfgs"", ""converged"": true, ""log_likelihood"": 16.863131976400034, ""valid"": true}]",,False,16.863131976400034,-0.0232999825074416,0.03575543099228354,0.281447945437037,0.03635132850161795,0.16886421011363736,0.035803233673868506,0.043680068509345665,0.03766958680516801,0.07819474967609699,0.036066420998586944,0.29952474831152504,0.03499235327833917,0.10359626848020485,0.03398243215958545,8.665546926999923
ARMA21_errors,broad_peak_followup,12,3,followup_shapes,success,,0.05907355715305751,0.42857142857142855,0.10280281272923054,1,1,0,0,0,0,1,"[{""optimizer"": ""lbfgs"", ""converged"": true, ""log_likelihood"": -3.8499161184277226, ""valid"": true}]",,False,-3.8499161184277226,0.06755068097127007,0.03211175627751761,0.18538125272828473,0.018481589291353392,0.25870642966331026,0.02259153927024023,0.28752621177634646,0.026106684869991948,0.2718405990673935,0.0241248939256956,0.21164959153645135,0.02283764937910796,0.10695318918351993,0.03732233828829067,2.757945675999963
ARMA21_errors,broad_peak_followup,12,5,followup_shapes,success,,0.037777343853929495,1.0,0.1391913520366202,1,1,1,1,1,1,1,"[{""optimizer"": ""lbfgs"", ""converged"": true, ""log_likelihood"": -1.3526968886912774, ""valid"": true}]",,False,-1.3526968886912774,0.04415532916540809,0.032538970452331756,0.15838201940027305,0.0364179398726307,0.2946103120544771,0.03018641164703329,0.3399641345756405,0.037976885768925474,0.26821817992499086,0.033095484123882725,0.1397979065773625,0.038750687311323334,0.10177953852119637,0.03958960660355163,3.009024997000324
ARMA21_errors,broad_peak_followup,12,7,followup_shapes,success,,0.03980765623917204,1.0,0.15307053561128972,1,1,1,1,1,1,1,"[{""optimizer"": ""lbfgs"", ""converged"": true, ""log_likelihood"": -0.7702052062811642, ""valid"": true}]",,False,-0.7702052062811642,0.0494742320794839,0.03355323428133546,0.15631776948499773,0.03788863302946921,0.28713189975745645,0.03851794717505223,0.36018925044771094,0.04048110410947216,0.25004083391607457,0.04372304110841234,0.14230114017190587,0.03913194913161634,0.1079310260821777,0.04004433332765957,4.196701960000155
ARMA21_errors,two_peak_followup,12,3,followup_shapes,success,,0.12699071056305694,0.42857142857142855,0.10986540467281168,0,0,1,0,1,0,1,"[{""optimizer"": ""lbfgs"", ""converged"": true, ""log_likelihood"": -27.810695859185536, ""valid"": true}]",,False,-27.810695859185536,0.01763714982191639,0.03744518216743296,0.08479848515779333,0.018870078069220766,0.12755828182766846,0.023280330159431,0.14591653983154174,0.027805206550390642,0.13987325916941318,0.025410217003807568,0.10942843984128277,0.023207341230417237,0.054582081847150514,0.04016986744932071,6.163575406999826
ARMA21_errors,two_peak_followup,12,5,followup_shapes,success,,0.03848466500641125,1.0,0.13990090132689287,1,1,1,1,1,1,1,"[{""optimizer"": ""lbfgs"", ""converged"": true, ""log_likelihood"": -2.295337463176332, ""valid"": true}]",,False,-2.295337463176332,0.07846654959961886,0.03290636055323824,0.2937646277248093,0.03660824233464737,0.07458449528088847,0.030429741722541953,-0.06791268431920897,0.03802970987743668,0.04808438004164695,0.03341679318888125,0.2750371071847816,0.038656349883386315,0.1360570436357161,0.03977584052360543,2.8661127109999143
ARMA21_errors,two_peak_followup,12,7,followup_shapes,success,,0.03981757719333664,1.0,0.15307081041051165,1,1,1,1,1,1,1,"[{""optimizer"": ""lbfgs"", ""converged"": true, ""log_likelihood"": -0.7702083687484182, ""valid"": true}]",,False,-0.7702083687484182,0.08722417503373042,0.03355382688800364,0.29188785635526293,0.037888351447895485,0.058714084818106874,0.038517492256973145,-0.03454480782291361,0.04048149225524208,0.02159949031713898,0.04372213616496814,0.2778593313352433,0.03913275982254949,0.145687060820692,0.040044674040281704,3.495032894999895
ARMA21_errors,broad_peak_followup,13,3,followup_shapes,success,,0.04046414391015888,0.7142857142857143,0.0952977242529486,1,0,1,1,1,0,1,"[{""optimizer"": ""lbfgs"", ""converged"": true, ""log_likelihood"": 5.158800320354689, ""valid"": true}]",,False,5.158800320354689,0.04606497881999878,0.03196696021811703,0.2252733023708992,0.021801965296309678,0.33446589429291534,0.02219833617166246,0.373642754586047,0.022936256979190925,0.34280388325029426,0.020288292495109075,0.24194928028565718,0.019242520605712042,0.07107894569213563,0.0317401758284499,7.946358299999702
ARMA21_errors,broad_peak_followup,13,5,followup_shapes,success,,0.028365860809250302,1.0,0.1345406522247567,1,1,1,1,1,1,1,"[{""optimizer"": ""lbfgs"", ""converged"": true, ""log_likelihood"": 6.088946481603868, ""valid"": true}]",,False,6.088946481603868,0.03370218042531673,0.032957119089911564,0.20081175099382798,0.03879318178997736,0.3510049138572822,0.03171806775269897,0.40887966535029346,0.03541556559376514,0.351369602107258,0.029947278022629614,0.20774392106235387,0.03817495832970449,0.059607419449540795,0.03324499410837842,3.9560368199995537
ARMA21_errors,broad_peak_followup,13,7,followup_shapes,success,,0.02804389177913433,1.0,0.14727182614745168,1,1,1,1,1,1,1,"[{""optimizer"": ""lbfgs"", ""converged"": true, ""log_likelihood"": 6.161230191348576, ""valid"": true}]",,False,6.161230191348576,0.03213805125330336,0.03464079867408246,0.1976829639086126,0.04007992263524935,0.3556206637991852,0.03901911805283734,0.41356565443500787,0.03902409841316909,0.3426680149856357,0.0354512186332293,0.20813984586637074,0.03967394902599889,0.06278812045977782,0.03509629840016872,5.443769966000218
ARMA21_errors,two_peak_followup,13,3,followup_shapes,success,,0.14552622017779004,0.14285714285714285,0.11033694152902941,0,0,0,0,0,0,1,"[{""optimizer"": ""lbfgs"", ""converged"": true, ""log_likelihood"": -31.147660586496457, ""valid"": true}]",,False,-31.147660586496457,-0.004240989987951138,0.03827555933581203,0.12561576960490226,0.024633694439164504,0.2059815435510765,0.025446742786766112,0.23685633185057156,0.026216168723306024,0.21824013450338745,0.021882467736508347,0.15013295150952416,0.020679169817116302,0.032534782868981676,0.03989644989173634,8.220730080000067
ARMA21_errors,two_peak_followup,13,5,followup_shapes,success,,0.032898215304812926,1.0,0.13400301427818098,1,1,1,1,1,1,1,"[{""optimizer"": ""lbfgs"", ""converged"": true, ""log_likelihood"": 5.450499200595106, ""valid"": true}]",,False,5.450499200595106,0.06781881769553079,0.032467894159317744,0.3410611342923268,0.038695234336621274,0.13030378622170938,0.031172221269750576,-0.0030389566050250585,0.03487139944456029,0.13035966557426024,0.030373023697626168,0.34773890237254246,0.03839845240607252,0.09425049325363967,0.03331287161137461,4.04792317600004
ARMA21_errors,two_peak_followup,13,7,followup_shapes,success,,0.028028333932887277,1.0,0.14727075140466214,1,1,1,1,1,1,1,"[{""optimizer"": ""lbfgs"", ""converged"": true, ""log_likelihood"": 6.161224528960682, ""valid"": true}]",,False,6.161224528960682,0.06985500206282459,0.03464040265179599,0.33318877406316705,0.04007917583844317,0.12715657970817282,0.03902018586790295,0.01882941341157815,0.03902666780472583,0.11424966796452041,0.03545016537453523,0.34369141887414556,0.03967142961776044,0.10052789636354872,0.0350954574960188,5.278647112999806
ARMA21_errors,broad_peak_followup,14,3,followup_shapes,success,,0.0357147434531827,0.7142857142857143,0.08806373699388706,1,0,1,1,1,0,1,"[{""optimizer"": ""lbfgs"", ""converged"": true, ""log_likelihood"": 4.917558984649068, ""valid"": true}]",,False,4.917558984649068,0.017979893448026266,0.028634710884401813,0.20938056946547848,0.01909984132933062,0.3262792613496552,0.02122659018302023,0.3686759691005562,0.022257961356146817,0.33657069271818163,0.018553585021290224,0.2299634322025315,0.01638955245814031,0.048854187553605696,0.031094431971039727,7.412321222000173
ARMA21_errors,broad_peak_followup,14,5,followup_shapes,success,,0.0329899858865543,1.0,0.11310210822132503,1,1,1,1,1,1,1,"[{""optimizer"": ""lbfgs"", ""converged"": true, ""log_likelihood"": 10.326815568562814, ""valid"": true}]",,False,10.326815568562814,-0.005127507268813161,0.032962061226584294,0.16327219187849817,0.030325508681280956,0.3638977006832891,0.02544154239301948,0.438231252715611,0.025688599612835455,0.34309783467548455,0.022950610070575334,0.15066518639289936,0.03204324572910555,0.048443800827813396,0.03255648268182222,4.098153297999943
ARMA21_errors,broad_peak_followup,14,7,followup_shapes,success,,0.032278016681873134,1.0,0.13119569994427563,1,1,1,1,1,1,1,"[{""optimizer"": ""lbfgs"", ""converged"": true, ""log_likelihood"": 10.7015852543869, ""valid"": true}]",,False,10.7015852543869,-0.00016216116465114436,0.03405691812754949,0.1710740079195034,0.03161573302316426,0.3468629057434851,0.033708505804294735,0.4344648304834317,0.0349949838804527,0.36339942800206937,0.033885980508606535,0.14447130406935527,0.03294547176367942,0.04186864195617007,0.033070442507030735,4.410141311000189
ARMA21_errors,two_peak_followup,14,3,followup_shapes,success,,0.1329064433187908,0.2857142857142857,0.0956969897703895,1,0,0,0,0,0,1,"[{""optimizer"": ""lbfgs"", ""converged"": true, ""log_likelihood"": -19.218676815142345, ""valid"": true}]",,False,-19.218676815142345,0.025217791997690465,0.03635056310538476,0.12496704724648537,0.02158979317676235,0.18627097834713088,0.02063376751096861,0.2091295852996269,0.021882735202999208,0.19354286810397348,0.01938931088817579,0.13951082676017065,0.018424904122262928,0.047033461268218314,0.03261640772628474,6.940088516000287
ARMA21_errors,two_peak_followup,14,5,followup_shapes,success,,0.03461151353256492,0.8571428571428571,0.11349322370026427,1,1,0,1,1,1,1,"[{""optimizer"": ""lbfgs"", ""converged"": true, ""log_likelihood"": 10.142408213883504, ""valid"": true}]",,False,10.142408213883504,0.028395967494234224,0.03325531904415282,0.30202409246248835,0.030441571068487737,0.14358066127175276,0.02543869997829887,0.027876345547452285,0.025590104325935444,0.12282784018470203,0.022912347290109908,0.2894578633483075,0.03202406678466332,0.0818951564727651,0.03300436240168097,3.491624781000155
ARMA21_errors,two_peak_followup,14,7,followup_shapes,success,,0.03227556035906261,1.0,0.13119654179659826,1,1,1,1,1,1,1,"[{""optimizer"": ""lbfgs"", ""converged"": true, ""log_likelihood"": 10.701586416143773, ""valid"": true}]",,False,10.701586416143773,0.03757622439872861,0.03405642655777913,0.3066346061871894,0.031616108802344306,0.11845089114075887,0.03370781019096701,0.0397419019321487,0.03499599864929024,0.13498035397525684,0.033886148689770725,0.2800418872461782,0.032945229411714405,0.07962794892265754,0.03307181662063108,4.412637643999915
ARMA21_errors,broad_peak_followup,15,3,followup_shapes,success,,0.09465085165723482,0.2857142857142857,0.09448783562289852,0,0,0,0,0,1,1,"[{""optimizer"": ""lbfgs"", ""converged"": true, ""log_likelihood"": 8.364008459749975, ""valid"": true}]",,False,8.364008459749975,0.1535040322923443,0.031733294484045084,0.20633969814358946,0.016368169566876527,0.2319675565898825,0.019305687658041595,0.23038760763122337,0.022177252060301498,0.20159985126761207,0.019698478537956872,0.1456042874990486,0.02040485377428312,0.062400916325533004,0.039040541816528364,7.965708367999923
ARMA21_errors,broad_peak_followup,15,5,followup_shapes,success,,0.09847018449749768,0.2857142857142857,0.12558181698433288,0,0,1,0,0,0,1,"[{""optimizer"": ""lbfgs"", ""converged"": true, ""log_likelihood"": 10.691831328915612, ""valid"": true}]",,False,10.691831328915612,0.1406219817546376,0.032268041215598106,0.2395900302768814,0.03179236289158183,0.2752078908685567,0.026498334670931642,0.24503078015860524,0.032180759489897744,0.1692093819022624,0.027265495248678873,0.09048984698105741,0.033189347141492416,0.07421379340281303,0.041058903956699505,3.5428138400002354
ARMA21_errors,broad_peak_followup,15,7,followup_shapes,success,,0.09768270674398706,0.14285714285714285,0.1368176454807306,0,0,0,0,0,0,1,"[{""optimizer"": ""lbfgs"", ""converged"": true, ""log_likelihood"": 11.208582198900187, ""valid"": true}]",,False,11.208582198900187,0.1459326050780929,0.03268492566870245,0.24539253664641464,0.03312292305790517,0.25152400989927065,0.032317814927399685,0.2531797777031628,0.03764117639532912,0.18345983235179486,0.031876093739433606,0.08371237450622716,0.03535251976992421,0.07106576556231435,0.04132177051403901,5.016027408999889
ARMA21_errors,two_peak_followup,15,3,followup_shapes,success,,0.12034449052064594,0.5714285714285714,0.11075329830397966,1,0,1,0,1,0,1,"[{""optimizer"": ""lbfgs"", ""converged"": true, ""log_likelihood"": -31.43241549789346, ""valid"": true}]",,False,-31.43241549789346,0.16957601640937442,0.040752375109923605,0.13169959628883887,0.019461983334303583,0.10141868414088136,0.023134069494608174,0.07873327996550193,0.027071070931116364,0.06364338376270058,0.02297885327634008,0.05614899553247728,0.020747855076910154,0.056250115274832056,0.04362753974819026,7.31184777999988
ARMA21_errors,two_peak_followup,15,5,followup_shapes,success,,0.09933752273229758,0.2857142857142857,0.1263875736908795,0,0,1,0,0,0,1,"[{""optimizer"": ""lbfgs"", ""converged"": true, ""log_likelihood"": 10.030797392108097, ""valid"": true}]",,False,10.030797392108097,0.176760292528285,0.03250564781348586,0.37563458347484796,0.0320207803289412,0.05451057132093118,0.02662546494760385,-0.16388879312723856,0.03247421767021084,-0.0511547055193251,0.027439039125612626,0.2268074920391173,0.033467028170590996,0.10977831098664448,0.0411599178201252,3.480444298000293
ARMA21_errors,two_peak_followup,15,7,followup_shapes,success,,0.0976619356032651,0.14285714285714285,0.1368191719496583,0,0,0,0,0,0,1,"[{""optimizer"": ""lbfgs"", ""converged"": true, ""log_likelihood"": 11.208506107040503, ""valid"": true}]",,False,11.208506107040503,0.18365666649174517,0.0326858313431371,0.38086382083628023,0.03311411663557664,0.02312336495891306,0.032321456909450395,-0.1415099083499006,0.03764362913476144,-0.044963638360140674,0.031876696664992,0.21926102515191292,0.03535484005915635,0.10872975444466876,0.04132337916303021,4.062717453999994
ARMA21_errors,broad_peak_followup,16,3,followup_shapes,success,,0.05353947105291637,0.42857142857142855,0.10403646192628073,0,0,1,0,1,0,1,"[{""optimizer"": ""lbfgs"", ""converged"": true, ""log_likelihood"": 6.0850023331122856, ""valid"": true}]",,False,6.0850023331122856,0.12592095140208578,0.03194376100354486,0.2490468165515365,0.02562222006540793,0.31995390424206643,0.026769547253086157,0.33864221447367554,0.027029103251566548,0.30511174724636386,0.023822312338908545,0.21936250256013143,0.020875542221146626,0.08139448041497815,0.029716910163269245,7.65775525700019
ARMA21_errors,broad_peak_followup,16,5,followup_shapes,success,,0.023207302787855117,1.0,0.12968111613528224,1,1,1,1,1,1,1,"[{""optimizer"": ""lbfgs"", ""converged"": true, ""log_likelihood"": 10.034695218785359, ""valid"": true}]",,False,10.034695218785359,0.10026021441573826,0.031092072213174626,0.19731106421529945,0.03858855787698053,0.34088675315046624,0.03347404485667756,0.3946990461898178,0.033555169454160615,0.31597831085305844,0.029475940215303448,0.15547351721101704,0.03538483692783884,0.05745223788564678,0.030002800126011253,5.149871053999959
ARMA21_errors,broad_peak_followup,16,7,followup_shapes,success,,0.023490344859757765,1.0,0.1406375818595637,1,1,1,1,1,1,1,"[{""optimizer"": ""lbfgs"", ""converged"": true, ""log_likelihood"": 10.125367971865721, ""valid"": true}]",,False,10.125367971865721,0.10157077430439641,0.03242490211571718,0.19420865134238527,0.040558753832431224,0.3418206044415964,0.03900973257317294,0.40099547504206723,0.0388348324129963,0.30861116984750697,0.03347432494050269,0.15591988160748813,0.03651241829147163,0.06140913156290037,0.030323574868643233,11.163360745999853
ARMA21_errors,two_peak_followup,16,3,followup_shapes,success,,0.129056832416909,0.2857142857142857,0.12676191022700098,1,0,0,0,0,0,1,"[{""optimizer"": ""lbfgs"", ""converged"": true, ""log_likelihood"": -27.951227296101145, ""valid"": true}]",,False,-27.951227296101145,0.07076128699450776,0.0422548594826717,0.1491785079652731,0.029963893322893627,0.1933759704122108,0.029773670863232442,0.2033536743353209,0.030052612843018963,0.1791116197346033,0.02659755290555904,0.12064980661005816,0.025817961135394273,0.027968234961685354,0.04190000342401744,3.3274997020002957
ARMA21_errors,two_peak_followup,16,5,followup_shapes,success,,0.024526992063931368,1.0,0.13077730431189805,1,1,1,1,1,1,1,"[{""optimizer"": ""lbfgs"", ""converged"": true, ""log_likelihood"": 9.276529346309712, ""valid"": true}]",,False,9.276529346309712,0.13120495245781272,0.031501172286117846,0.3363514793017184,0.0394892284136314,0.12083846747150537,0.03370564011873854,-0.01585181617868758,0.03348718334105385,0.09556253378155885,0.029762705379482855,0.2941630613589449,0.03540355057186095,0.08883094913645179,0.030181420446075344,5.147342155999922
ARMA21_errors,two_peak_followup,16,7,followup_shapes,success,,0.02349289761397667,1.0,0.14063867819928824,1,1,1,1,1,1,1,"[{""optimizer"": ""lbfgs"", ""converged"": true, ""log_likelihood"": 10.125325811146098, ""valid"": true}]",,False,10.125325811146098,0.13931171937504414,0.032424859855212255,0.32978238743426724,0.04055641780402929,0.1134155961969889,0.03901083613680534,0.006298070790526605,0.038836717824374006,0.0802381069834715,0.03347372284279016,0.2915390824324059,0.036512427031468876,0.09917868403943204,0.030325515289763388,10.96960908300025
ARMA21_errors,broad_peak_followup,17,3,followup_shapes,success,,0.0576368832215994,0.8571428571428571,0.13886898175429843,1,1,1,1,1,0,1,"[{""optimizer"": ""lbfgs"", ""converged"": true, ""log_likelihood"": 5.760188067710216, ""valid"": true}]",,False,5.760188067710216,0.026907730955748957,0.03707229018566346,0.19805606628527808,0.029703823014001925,0.30818461507269107,0.033021214994560844,0.35729337731798777,0.03507418494845469,0.34538235302116826,0.03328265229057815,0.2724515421822325,0.03321845583464058,0.1385009448011804,0.04660770329334755,4.008142125999711
ARMA21_errors,broad_peak_followup,17,5,followup_shapes,success,,0.05200331951288902,1.0,0.15269663559250285,1,1,1,1,1,1,1,"[{""optimizer"": ""lbfgs"", ""converged"": true, ""log_likelihood"": 15.451187699726052, ""valid"": true}]",,False,15.451187699726052,0.015283486707511068,0.03578574326867362,0.09301861310828792,0.04766824415038101,0.32172059228845945,0.03642723213701853,0.4480414988350415,0.03826437980041995,0.3817849404239028,0.03601289963402537,0.19590605781976436,0.037538764753475305,0.1265115248761995,0.04097529981404708,8.153819737000049
ARMA21_errors,broad_peak_followup,17,7,followup_shapes,success,,0.05845843703585809,0.8571428571428571,0.16071401088386197,1,1,1,1,0,1,1,"[{""optimizer"": ""lbfgs"", ""converged"": true, ""log_likelihood"": 19.995952101769845, ""valid"": true}]",,False,19.995952101769845,0.030313295416683435,0.03686604128080963,0.11304463552223919,0.04739803705309248,0.2889958069744088,0.04285628860808885,0.42124525754727526,0.040959169059184605,0.44379323996066333,0.04243898612662464,0.17776061522659387,0.03830621897798943,0.11619997411477859,0.038164564043963886,5.988346895999712
ARMA21_errors,two_peak_followup,17,3,followup_shapes,success,,0.12735903099636617,0.14285714285714285,0.12207719084244303,0,0,0,0,0,0,1,"[{""optimizer"": ""lbfgs"", ""converged"": true, ""log_likelihood"": -3.521861314618538, ""valid"": true}]",,False,-3.521861314618538,0.004498170596372707,0.037614399036550374,0.08713543922257684,0.02510349857171405,0.1456793502384074,0.027212002753998814,0.18012990364386428,0.02993172771499203,0.1904870994389475,0.02859787111428151,0.17675093762365712,0.028265768560540677,0.13892141819799306,0.041269715895142216,3.8514229370002795
ARMA21_errors,two_peak_followup,17,5,followup_shapes,success,,0.05224222833138059,1.0,0.15206835796186655,1,1,1,1,1,1,1,"[{""optimizer"": ""lbfgs"", ""converged"": true, ""log_likelihood"": 16.339158602129924, ""valid"": true}]",,False,16.339158602129924,0.05260113427777465,0.03581542302658009,0.22835830258060597,0.04728550359362455,0.10154018891085446,0.03637823508733935,0.040000596730653544,0.03810503325093376,0.16091794906240972,0.03620878489948771,0.33079528848880274,0.03761204872101915,0.16546027715278572,0.0401456106386342,9.399458083999889
ARMA21_errors,two_peak_followup,17,7,followup_shapes,success,,0.05846668098112586,0.8571428571428571,0.16072729251081058,1,1,1,1,0,1,1,"[{""optimizer"": ""lbfgs"", ""converged"": true, ""log_likelihood"": 19.99595817152496, ""valid"": true}]",,False,19.99595817152496,0.06806041053179826,0.036865064155986546,0.2486097859014296,0.0473999715709867,0.06057945535586068,0.04286280047942607,0.02653148840029798,0.040966322973643284,0.21539215135871914,0.0424449437177122,0.31334925666654256,0.03830827228131195,0.15395496038599343,0.03816564716166644,5.869102551999731
ARMA21_errors,broad_peak_followup,18,3,followup_shapes,success,,0.035828478942337656,0.8571428571428571,0.11020166632469153,1,0,1,1,1,1,1,"[{""optimizer"": ""lbfgs"", ""converged"": true, ""log_likelihood"": -9.641196770873584, ""valid"": true}]",,False,-9.641196770873584,0.05880495734976104,0.038285377855533397,0.23183244880737053,0.02421149630121839,0.33316175534836806,0.023937271935953856,0.36279287697275353,0.02508588190164285,0.32072581368052694,0.022639653846910406,0.2069605654716884,0.023118654651327612,0.021497132346237784,0.039510353372934064,6.7343942410002455
ARMA21_errors,broad_peak_followup,18,5,followup_shapes,success,,0.028044784442274488,1.0,0.1600441569016652,1,1,1,1,1,1,1,"[{""optimizer"": ""lbfgs"", ""converged"": true, ""log_likelihood"": -7.707854953940414, ""valid"": true}]",,False,-7.707854953940414,0.04154442457824009,0.03805689464663137,0.176075901602703,0.0500897536709639,0.3508297995954716,0.03776938983654172,0.4257640518159595,0.03895512243048975,0.350916180364952,0.035483871917276644,0.16640329618460603,0.04581079161767991,0.0024220990584497425,0.03962731320481884,3.78261245099975
ARMA21_errors,broad_peak_followup,18,7,followup_shapes,success,,0.0313734131889772,1.0,0.17189005518042064,1,1,1,1,1,1,1,"[{""optimizer"": ""lbfgs"", ""converged"": true, ""log_likelihood"": -6.405651488652376, ""valid"": true}]",,False,-6.405651488652376,0.03900174489865553,0.03847116392611989,0.16599448165205472,0.0474143903554071,0.3664401527271416,0.04648731396867519,0.4489641226695626,0.040893474135473236,0.30962235667625637,0.04689108021050893,0.17270112661917766,0.046922944462139286,0.009978545700796775,0.03986616004957038,4.369173163000141
ARMA21_errors,two_peak_followup,18,3,followup_shapes,success,,0.1502720201230071,0.0,0.11923319598162797,0,0,0,0,0,0,0,"[{""optimizer"": ""lbfgs"", ""converged"": true, ""log_likelihood"": -29.805595711529048, ""valid"": true}]",,False,-29.805595711529048,0.008811978437691844,0.03968946392261322,0.13937691660015292,0.024630233290459602,0.21635725560095845,0.026829459198020326,0.23975299544010825,0.028948377084612453,0.20956413611760244,0.025401308804530925,0.125790677633441,0.02421275452981378,-0.011567380012376083,0.043204824565713916,3.2038603109999713
ARMA21_errors,two_peak_followup,18,5,followup_shapes,success,,0.030081165153344126,1.0,0.16077896982892495,1,1,1,1,1,1,1,"[{""optimizer"": ""lbfgs"", ""converged"": true, ""log_likelihood"": -8.726247792725388, ""valid"": true}]",,False,-8.726247792725388,0.07604143505540206,0.03835148836953283,0.3130049286279176,0.050557681038170016,0.13123064610550222,0.03787941007699731,0.017172161099188458,0.03910273399741448,0.1301899840060765,0.03561561662812547,0.3025515620093347,0.04552027732518189,0.03943127907819936,0.04007809583051542,7.086066223999751
ARMA21_errors,two_peak_followup,18,7,followup_shapes,success,,0.031378561020647774,1.0,0.17189207112221602,1,1,1,1,1,1,1,"[{""optimizer"": ""lbfgs"", ""converged"": true, ""log_likelihood"": -6.405655381490631, ""valid"": true}]",,False,-6.405655381490631,0.07671868455933016,0.0384710191491456,0.3015314423995715,0.04741561772527332,0.13801714302492984,0.046487756100481004,0.05425854446742297,0.04089351229687007,0.08122473377183659,0.04689153409668587,0.3082641438469291,0.04692382750577806,0.047704951002404655,0.03986686012972325,4.184656780000296
ARMA21_errors,broad_peak_followup,19,3,followup_shapes,success,,0.04842079587847327,0.7142857142857143,0.10347280734377166,1,0,1,1,1,0,1,"[{""optimizer"": ""lbfgs"", ""converged"": true, ""log_likelihood"": 6.378588181975289, ""valid"": true}]",,False,6.378588181975289,0.071968897995513,0.03462649711324111,0.24926522147380367,0.020014677886837858,0.3551657243838457,0.02190081177555711,0.3896704067256389,0.024438621264518776,0.3527792684991834,0.022287243245902633,0.2444923097044792,0.022442307734544524,0.06480953034152621,0.03906271123613311,2.831650619999891
ARMA21_errors,broad_peak_followup,19,5,followup_shapes,success,,0.0490756476077346,0.5714285714285714,0.13524930300127383,1,1,0,0,0,1,1,"[{""optimizer"": ""lbfgs"", ""converged"": true, ""log_likelihood"": 12.939296859512325, ""valid"": true}]",,False,12.939296859512325,0.05672049802642477,0.03632977659840519,0.1575845881775538,0.034831329402534576,0.3821034019596226,0.02908707958592463,0.4881802744415443,0.033730054228438534,0.3916082441845836,0.030872667049709722,0.16607005324235583,0.04022794377470976,0.04313814716082724,0.036437761862552286,8.2907867050003
ARMA21_errors,broad_peak_followup,19,7,followup_shapes,success,,0.05331295130546722,0.7142857142857143,0.14776263636848835,1,1,1,0,0,1,1,"[{""optimizer"": ""lbfgs"", ""converged"": true, ""log_likelihood"": 14.122187776640956, ""valid"": true}]",,False,14.122187776640956,0.05783759131889174,0.03612544638628661,0.1686819726231597,0.03560205044193931,0.34491764249522616,0.03647476364613221,0.5041189124410217,0.03792222602080755,0.4107477180673953,0.03840249347207884,0.1580395405021921,0.04231641694362585,0.04018876965585472,0.037018453747144575,4.554498295999565
ARMA21_errors,two_peak_followup,19,3,followup_shapes,success,,0.13843653676865741,0.2857142857142857,0.1084796593283126,1,0,0,0,0,0,1,"[{""optimizer"": ""lbfgs"", ""converged"": true, ""log_likelihood"": -4.037136307880523, ""valid"": true}]",,False,-4.037136307880523,0.062358740275852774,0.04255974039542293,0.16542284631798246,0.020519016321517928,0.2261815167170222,0.021793608686721446,0.24463475147297192,0.026289982366336836,0.22078255058583163,0.024099179382775136,0.1546249140556014,0.021166380200791497,0.04616184188228114,0.037285770018421004,2.94100555399973
ARMA21_errors,two_peak_followup,19,5,followup_shapes,success,,0.04920619921965796,0.5714285714285714,0.13548087437041173,1,1,0,0,0,1,1,"[{""optimizer"": ""lbfgs"", ""converged"": true, ""log_likelihood"": 12.217023561933107, ""valid"": true}]",,False,12.217023561933107,0.09610984289641968,0.03624651441212567,0.2910312544665752,0.03513544952285943,0.16075741502820937,0.029078771227308647,0.08050122100266567,0.03386763495903349,0.17139728304467244,0.031011804664180475,0.30050192604234316,0.04016273323029872,0.08079318911717641,0.036427224788500245,7.564972236999893
ARMA21_errors,two_peak_followup,19,7,followup_shapes,success,,0.053323054910574194,0.7142857142857143,0.14776080169154257,1,1,1,0,0,1,1,"[{""optimizer"": ""lbfgs"", ""converged"": true, ""log_likelihood"": 14.122188606396671, ""valid"": true}]",,False,14.122188606396671,0.09559156441326735,0.03612474092720286,0.30426710201103213,0.0356023215513237,0.11651487871904773,0.03647428182576578,0.1094124187022432,0.0379208547822954,0.1823461777428871,0.03840178888477208,0.29361214962784865,0.042317250632846526,0.07793868259861933,0.03701733584497682,4.43423912399976
ARMA21_errors,broad_peak_followup,20,3,followup_shapes,success,,0.054934371522234786,0.42857142857142855,0.09941883488695355,1,0,0,0,0,1,1,"[{""optimizer"": ""lbfgs"", ""converged"": true, ""log_likelihood"": -2.956116227149633, ""valid"": true}]",,False,-2.956116227149633,0.0925580456923526,0.033422434652843835,0.20636889883811946,0.020476739939566023,0.2727148887280531,0.023073764122377598,0.2915960153621535,0.025857208470507074,0.2630122787404207,0.02343169218739468,0.18696367886285473,0.02009550566826219,0.06345021572945547,0.031176288685751365,2.3744772439999906
ARMA21_errors,broad_peak_followup,20,5,followup_shapes,success,,0.036833267317294624,0.8571428571428571,0.13494435647020112,1,1,1,0,1,1,1,"[{""optimizer"": ""lbfgs"", ""converged"": true, ""log_likelihood"": -1.7988858952685902, ""valid"": true}]",,False,-1.7988858952685902,0.08371524101049643,0.033294054518916844,0.17759157560611644,0.03789982513958345,0.28746887887885897,0.02898813718688234,0.3286769407097792,0.03548363960074326,0.2738775354721341,0.03404174961856497,0.15306442203138293,0.039419819735436165,0.05356334374518622,0.031844839325232126,3.970181415999832
ARMA21_errors,broad_peak_followup,20,7,followup_shapes,success,,0.04183061634171258,1.0,0.14942525567236448,1,1,1,1,1,1,1,"[{""optimizer"": ""lbfgs"", ""converged"": true, ""log_likelihood"": -0.5648117558472885, ""valid"": true}]",,False,-0.5648117558472885,0.09286519322713525,0.03290860044006384,0.1857790267921554,0.03902712702311546,0.2548721137274544,0.043355194695855505,0.32697326376249936,0.04164256376878256,0.306021144674596,0.03841314618758955,0.14493884816912997,0.03899016856750374,0.04433203609800359,0.03249401301774015,8.073127234999902
ARMA21_errors,two_peak_followup,20,3,followup_shapes,success,,0.13080350728824955,0.2857142857142857,0.10816842779125671,1,0,0,0,1,0,0,"[{""optimizer"": ""lbfgs"", ""converged"": true, ""log_likelihood"": -35.8284349199553, ""valid"": true}]",,False,-35.8284349199553,0.03654447309738081,0.03944354312140478,0.10453893347401223,0.02261587630280576,0.1435952508869899,0.022166037052237648,0.15371342533631374,0.02409711761290691,0.13489345682198378,0.02195300968807992,0.0871353453440001,0.02268696045275249,0.010439090902362582,0.04019536253991378,2.6321346239997183
ARMA21_errors,two_peak_followup,20,5,followup_shapes,success,,0.03922955891240761,0.8571428571428571,0.13468911496760522,1,1,1,0,1,1,1,"[{""optimizer"": ""lbfgs"", ""converged"": true, ""log_likelihood"": -2.142459145018437, ""valid"": true}]",,False,-2.142459145018437,0.1209621180114077,0.03347263013139625,0.3146666553082987,0.03794948636625917,0.0664804652600552,0.029049248424945516,-0.08121501049122981,0.03553526621548987,0.05319796900361618,0.03402022613424971,0.2905734440008458,0.038977793138542195,0.09100175406379205,0.031511626316983725,4.161942417999853
ARMA21_errors,two_peak_followup,20,7,followup_shapes,success,,0.04183544652286011,1.0,0.14941364992022071,1,1,1,1,1,1,1,"[{""optimizer"": ""lbfgs"", ""converged"": true, ""log_likelihood"": -0.5649276651291748, ""valid"": true}]",,False,-0.5649276651291748,0.13060963741087805,0.03290950280934266,0.3213184935488906,0.039027303686122804,0.026423195186533424,0.0433509580415324,-0.06775981001738246,0.04163488231914502,0.07763859056306577,0.0384026122603055,0.2805254287406467,0.038989726203622115,0.08207436292759186,0.032495103823180764,8.085085026999877
