week_end,cases,occupancy,admissions,location
2020-01-05,,,,Belgium
2020-01-12,0.0,,,Belgium
2020-01-19,0.0,,,Belgium
2020-01-26,0.0,,,Belgium
2020-02-02,0.0,,,Belgium
2020-02-09,0.09,,,Belgium
2020-02-16,0.0,,,Belgium
2020-02-23,0.0,,,Belgium
2020-03-01,0.0,,,Belgium
2020-03-08,27.06,,,Belgium
2020-03-15,89.85,7.7700000000000005,18.96,Belgium
2020-03-22,267.23,79.68999999999998,128.6,Belgium
2020-03-29,649.21,271.98857142857145,300.19,Belgium
2020-04-05,827.53,456.11428571428576,306.37,Belgium
2020-04-12,962.82,483.77571428571434,242.8,Belgium
2020-04-19,717.33,447.5357142857143,165.15,Belgium
2020-04-26,539.0,377.01142857142855,121.83,Belgium
2020-05-03,280.2,293.3757142857143,78.07,Belgium
2020-05-10,267.91,220.94142857142856,56.97,Belgium
2020-05-17,189.06,160.9485714285714,38.01,Belgium
2020-05-24,132.28,122.01142857142858,32.17,Belgium
2020-05-31,105.82,85.49857142857142,21.88,Belgium
2020-06-07,71.72,59.8,16.99,Belgium
2020-06-14,62.02,40.26142857142857,12.61,Belgium
2020-06-21,57.46,28.740000000000002,11.15,Belgium
2020-06-28,52.57,22.292857142857144,8.92,Belgium
2020-07-05,52.74,16.715714285714288,7.04,Belgium
2020-07-12,59.01,13.200000000000001,6.09,Belgium
2020-07-19,111.32,12.941428571428572,9.18,Belgium
2020-07-26,194.99,16.98857142857143,13.3,Belgium
2020-08-02,319.11,21.657142857142855,18.1,Belgium
2020-08-09,375.46,24.231428571428573,19.39,Belgium
2020-08-16,333.45,26.804285714285715,23.94,Belgium
2020-08-23,294.63,27.56714285714286,17.16,Belgium
2020-08-30,268.6,22.47714285714286,9.61,Belgium
2020-09-06,299.78,19.02285714285714,12.01,Belgium
2020-09-13,491.08,22.07428571428571,19.56,Belgium
2020-09-20,830.8,31.888571428571428,29.6,Belgium
2020-09-27,957.32,49.60285714285714,41.44,Belgium
2020-10-04,1536.27,66.30571428571429,50.53,Belgium
2020-10-11,3034.24,96.01571428571428,80.39,Belgium
2020-10-18,5812.84,167.75,158.63,Belgium
2020-10-25,8748.38,318.20714285714286,292.98,Belgium
2020-11-01,9169.71,523.24,405.97,Belgium
2020-11-08,5001.71,618.5542857142857,368.91,Belgium
2020-11-15,2988.71,587.7185714285714,285.86,Belgium
2020-11-22,2042.72,488.54285714285714,187.46,Belgium
2020-11-29,1404.25,379.98,142.93,Belgium
2020-12-06,1287.6,299.56714285714287,116.94,Belgium
2020-12-13,1374.1,256.5242857142857,112.39,Belgium
2020-12-20,1503.55,229.52142857142857,110.76,Belgium
2020-12-27,1076.21,208.45285714285714,99.78,Belgium
2021-01-03,909.39,193.22,90.86,Belgium
2021-01-10,1145.44,175.60714285714286,79.19,Belgium
2021-01-17,1147.76,164.80857142857144,72.07,Belgium
2021-01-24,1228.93,166.03571428571428,85.02,Belgium
2021-01-31,1385.26,158.21714285714285,71.81,Belgium
2021-02-07,1324.02,150.1,79.62,Belgium
2021-02-14,1086.0,140.51857142857142,71.55,Belgium
2021-02-21,1260.97,137.55142857142857,71.81,Belgium
2021-02-28,1442.73,153.3114285714286,90.0,Belgium
2021-03-07,1402.96,163.95142857142858,87.6,Belgium
2021-03-14,1718.03,167.21,97.12,Belgium
2021-03-21,2445.32,184.13714285714286,118.65,Belgium
2021-03-28,2892.16,214.27428571428572,145.25,Belgium
2021-04-04,2612.14,250.57714285714286,158.12,Belgium
2021-04-11,2125.27,266.43857142857144,152.71,Belgium
2021-04-18,2096.58,261.68,140.96,Belgium
2021-04-25,2150.44,257.15999999999997,137.27,Belgium
2021-05-02,1833.56,237.05857142857144,115.82,Belgium
2021-05-09,1793.54,207.05428571428573,97.72,Belgium
2021-05-16,1308.13,169.39285714285714,82.96,Belgium
2021-05-23,1441.79,141.48714285714286,71.21,Belgium
2021-05-30,1088.23,117.94142857142857,52.42,Belgium
2021-06-06,836.81,92.28857142857143,42.9,Belgium
2021-06-13,490.3,70.08142857142857,29.6,Belgium
2021-06-20,274.18,48.13,20.16,Belgium
2021-06-27,205.55,34.917142857142856,13.81,Belgium
2021-07-04,311.29,24.832857142857144,9.35,Belgium
2021-07-11,568.38,20.981428571428573,10.12,Belgium
2021-07-18,806.06,20.825714285714287,14.5,Belgium
2021-07-25,892.39,23.715714285714284,17.24,Belgium
2021-08-01,943.58,27.330000000000002,21.53,Belgium
2021-08-08,1055.33,32.77571428571429,26.0,Belgium
2021-08-15,1154.12,41.18,32.94,Belgium
2021-08-22,1177.91,50.44714285714286,35.6,Belgium
2021-08-29,1215.79,53.26714285714286,36.12,Belgium
2021-09-05,1202.22,57.61714285714286,41.44,Belgium
2021-09-12,1181.52,60.042857142857144,36.55,Belgium
2021-09-19,1250.06,60.11714285714286,36.89,Belgium
2021-09-26,1170.35,58.4,30.46,Belgium
2021-10-03,1154.8,60.29,36.55,Belgium
2021-10-10,1247.57,62.114285714285714,33.54,Belgium
2021-10-17,1827.29,68.59714285714286,41.61,Belgium
2021-10-24,3210.41,89.61714285714287,66.4,Belgium
2021-10-31,4585.2,124.86428571428571,91.97,Belgium
2021-11-07,4755.1,159.96714285714285,106.56,Belgium
2021-11-14,6044.76,197.6542857142857,139.16,Belgium
2021-11-21,9366.07,248.55428571428573,168.67,Belgium
2021-11-28,10757.86,295.3728571428572,188.74,Belgium
2021-12-05,10356.72,313.8914285714286,186.52,Belgium
2021-12-12,8049.69,295.4985714285714,163.95,Belgium
2021-12-19,5212.76,255.3457142857143,117.97,Belgium
2021-12-26,3916.57,190.42285714285714,85.45,Belgium
2022-01-02,6613.75,156.43714285714285,88.97,Belgium
2022-01-09,12243.88,161.26714285714283,110.24,Belgium
2022-01-16,16269.98,176.46571428571428,120.11,Belgium
2022-01-23,28754.8,230.90857142857143,177.42,Belgium
2022-01-30,28891.38,311.6014285714286,216.63,Belgium
2022-02-06,17423.75,356.56857142857143,209.59,Belgium
2022-02-13,9460.38,338.2457142857143,167.98,Belgium
2022-02-20,5795.83,278.67,125.94,Belgium
2022-02-27,4008.05,223.7357142857143,90.17,Belgium
2022-03-06,3670.65,180.15285714285713,84.51,Belgium
2022-03-13,4817.63,170.55714285714288,87.85,Belgium
2022-03-20,6142.51,192.37285714285716,105.18,Belgium
2022-03-27,6801.78,222.29,121.66,Belgium
2022-04-03,6284.5,251.53428571428572,131.69,Belgium
2022-04-10,5512.54,263.35,129.72,Belgium
2022-04-17,4611.31,265.0514285714286,131.09,Belgium
2022-04-24,3611.98,251.79285714285714,107.5,Belgium
2022-05-01,2894.14,209.91,84.76,Belgium
2022-05-08,2669.6,172.54,77.13,Belgium
2022-05-15,2242.52,144.15714285714287,63.06,Belgium
2022-05-22,1451.06,115.53857142857143,48.9,Belgium
2022-05-29,812.5,91.16142857142857,38.44,Belgium
2022-06-05,955.26,75.47285714285714,31.32,Belgium
2022-06-12,1141.83,74.49285714285715,35.95,Belgium
2022-06-19,1672.51,75.75571428571428,44.27,Belgium
2022-06-26,2329.62,94.7057142857143,60.4,Belgium
2022-07-03,3359.7,117.88,72.5,Belgium
2022-07-10,4660.7,141.46142857142857,86.91,Belgium
2022-07-17,4300.7,183.34,100.72,Belgium
2022-07-24,2597.88,190.00714285714284,94.72,Belgium
2022-07-31,2407.1,172.93428571428572,80.73,Belgium
2022-08-07,1758.14,150.1257142857143,68.89,Belgium
2022-08-14,1301.17,119.51285714285714,56.88,Belgium
2022-08-21,1033.43,101.91,48.22,Belgium
2022-08-28,937.74,81.51571428571428,39.72,Belgium
2022-09-04,899.6,66.66142857142857,35.52,Belgium
2022-09-11,974.16,62.089999999999996,33.8,Belgium
2022-09-18,1118.3,59.269999999999996,32.77,Belgium
2022-09-25,1354.08,64.23571428571428,41.78,Belgium
2022-10-02,1719.15,93.11142857142856,55.85,Belgium
2022-10-09,1917.31,121.49428571428572,66.23,Belgium
2022-10-16,1669.58,128.4442857142857,63.66,Belgium
2022-10-23,1153.94,128.72714285714284,64.09,Belgium
2022-10-30,715.18,104.12857142857142,43.93,Belgium
2022-11-06,394.78,78.20714285714287,29.51,Belgium
2022-11-13,395.13,68.10857142857142,31.14,Belgium
2022-11-20,452.51,59.55142857142857,28.31,Belgium
2022-11-27,571.22,65.53428571428572,35.69,Belgium
2022-12-04,701.78,83.05999999999999,45.73,Belgium
2022-12-11,834.06,106.89999999999999,57.14,Belgium
2022-12-18,869.37,141.01857142857142,76.36,Belgium
2022-12-25,846.35,168.82999999999998,79.96,Belgium
2023-01-01,547.6,157.82285714285715,68.72,Belgium
2023-01-08,402.34,121.89999999999999,44.36,Belgium
2023-01-15,265.25,84.99714285714286,33.72,Belgium
2023-01-22,209.76,65.42285714285714,27.97,Belgium
2023-01-29,272.04,58.97571428571428,30.54,Belgium
2023-02-05,414.88,73.20714285714287,37.92,Belgium
2023-02-12,533.25,85.07000000000001,48.04,Belgium
2023-02-19,757.01,108.79571428571428,61.86,Belgium
2023-02-26,835.95,136.44714285714286,74.64,Belgium
2023-03-05,925.72,150.14857142857142,80.47,Belgium
2023-03-12,1072.34,180.57,101.58,Belgium
2023-03-19,994.43,198.30428571428573,99.69,Belgium
2023-03-26,851.07,181.57571428571427,85.62,Belgium
2023-04-02,611.59,157.41857142857143,70.35,Belgium
2023-04-09,433.27,119.42428571428572,54.22,Belgium
2023-04-16,317.05,109.80428571428571,46.93,Belgium
2023-04-23,274.36,93.12285714285714,38.44,Belgium
2023-04-30,214.06,77.09285714285714,30.63,Belgium
2023-05-07,147.49,63.769999999999996,27.88,Belgium
2023-05-14,116.91,53.78142857142858,23.16,Belgium
2023-05-21,82.12,13.861428571428572,28.57,Belgium
2023-05-28,74.99,4.828571428571428,22.82,Belgium
2023-06-04,46.99,3.75,18.53,Belgium
2023-06-11,45.7,2.9171428571428573,17.07,Belgium
2023-06-18,28.52,2.585714285714286,10.9,Belgium
2023-06-25,20.27,1.7028571428571428,7.55,Belgium
2023-07-02,15.46,,,Belgium
2023-07-09,13.74,,,Belgium
2023-07-16,19.33,,,Belgium
2023-07-23,16.58,,,Belgium
2023-07-30,28.35,,,Belgium
2023-08-06,44.06,,,Belgium
2023-08-13,70.44,,,Belgium
2023-08-20,105.82,,,Belgium
2023-08-27,139.32,,,Belgium
2023-09-03,172.31,,,Belgium
2023-09-10,234.41,,,Belgium
2023-09-17,218.69,,,Belgium
2023-09-24,201.69,,,Belgium
2023-10-01,203.83,,,Belgium
2023-10-08,190.69,,,Belgium
2023-10-15,175.66,,,Belgium
2023-10-22,152.9,,,Belgium
2023-10-29,150.84,,,Belgium
2023-11-05,115.96,,,Belgium
2023-11-12,119.31,,,Belgium
2023-11-19,125.67,,,Belgium
2023-11-26,143.53,,,Belgium
2023-12-03,190.61,,,Belgium
2023-12-10,280.88,,,Belgium
2023-12-17,342.82,,,Belgium
2023-12-24,321.17,,,Belgium
2023-12-31,251.08,,,Belgium
2024-01-07,196.28,,,Belgium
2024-01-14,146.2,,,Belgium
2024-01-21,150.06,,,Belgium
2024-01-28,143.19,,,Belgium
2024-02-04,112.18,,,Belgium
2024-02-11,90.36,,,Belgium
2024-02-18,62.02,,,Belgium
2024-02-25,46.3,,,Belgium
2024-03-03,31.7,,,Belgium
2024-03-10,25.08,,,Belgium
2024-03-17,23.88,,,Belgium
2024-03-24,17.95,,,Belgium
2024-03-31,16.49,,,Belgium
2024-04-07,13.57,,,Belgium
2024-04-14,9.1,,,Belgium
2024-04-21,11.25,,,Belgium
2024-04-28,13.66,,,Belgium
2024-05-05,13.92,,,Belgium
2024-05-12,12.63,,,Belgium
2024-05-19,18.38,,,Belgium
2024-05-26,18.38,,,Belgium
2024-06-02,21.82,,,Belgium
2024-06-09,35.9,,,Belgium
2024-06-16,56.35,,,Belgium
2024-06-23,84.7,,,Belgium
2024-06-30,95.78,,,Belgium
2024-07-07,93.89,,,Belgium
2024-07-14,132.97,,,Belgium
2024-07-21,145.42,,,Belgium
2024-07-28,119.66,,,Belgium
2024-08-04,109.69,,,Belgium
2024-08-11,,,,Belgium
2024-08-18,,,,Belgium
2020-01-05,,,,Czechia
2020-01-12,0.0,,,Czechia
2020-01-19,0.0,,,Czechia
2020-01-26,0.0,,,Czechia
2020-02-02,0.0,,,Czechia
2020-02-09,0.0,,,Czechia
2020-02-16,0.0,,,Czechia
2020-02-23,0.0,,,Czechia
2020-03-01,0.0,,,Czechia
2020-03-08,2.53,,0.0,Czechia
2020-03-15,15.27,,0.86,Czechia
2020-03-22,81.42,5.648571428571429,12.77,Czechia
2020-03-29,152.16,19.357142857142858,27.73,Czechia
2020-04-05,170.61,32.98571428571429,26.3,Czechia
2020-04-12,134.73,38.98857142857143,24.4,Czechia
2020-04-19,70.64,34.715714285714284,14.87,Czechia
2020-04-26,65.68,31.89428571428571,16.96,Czechia
2020-05-03,38.6,25.618571428571425,8.67,Czechia
2020-05-10,32.23,18.84142857142857,7.34,Czechia
2020-05-17,34.85,12.781428571428572,4.57,Czechia
2020-05-24,41.97,9.678571428571429,4.38,Czechia
2020-05-31,32.42,7.555714285714286,3.72,Czechia
2020-06-07,32.89,6.167142857142857,3.24,Czechia
2020-06-14,40.19,6.234285714285714,3.91,Czechia
2020-06-21,43.1,7.595714285714286,5.24,Czechia
2020-06-28,79.92,6.617142857142857,4.19,Czechia
2020-07-05,107.0,6.822857142857143,4.38,Czechia
2020-07-12,63.52,6.835714285714286,4.29,Czechia
2020-07-19,70.08,7.078571428571428,4.96,Czechia
2020-07-26,126.77,8.291428571428572,6.58,Czechia
2020-08-02,138.29,10.821428571428571,9.34,Czechia
2020-08-09,145.13,10.347142857142858,8.29,Czechia
2020-08-16,155.9,10.168571428571427,10.01,Czechia
2020-08-23,177.55,11.04142857142857,12.29,Czechia
2020-08-30,216.9,13.722857142857142,13.63,Czechia
2020-09-06,342.73,18.514285714285712,20.77,Czechia
2020-09-13,717.68,26.478571428571428,32.11,Czechia
2020-09-20,1210.51,43.112857142857145,61.27,Czechia
2020-09-27,1406.14,70.46285714285715,92.62,Czechia
2020-10-04,1625.75,106.18285714285715,132.84,Czechia
2020-10-11,3134.76,182.40142857142857,232.8,Czechia
2020-10-18,5144.75,302.00857142857143,379.46,Czechia
2020-10-25,7703.3,477.6614285714286,593.58,Czechia
2020-11-01,7940.53,667.51,704.4,Czechia
2020-11-08,7170.38,758.9657142857143,639.98,Czechia
2020-11-15,4440.18,681.5871428571428,512.48,Czechia
2020-11-22,3074.05,580.0742857142857,381.93,Czechia
2020-11-29,2629.48,486.83714285714285,344.96,Czechia
2020-12-06,2554.9,426.53142857142853,330.19,Czechia
2020-12-13,3146.1,424.7885714285714,349.15,Czechia
2020-12-20,4260.66,447.38428571428574,364.21,Czechia
2020-12-27,4475.97,451.7285714285714,411.47,Czechia
2021-01-03,6609.16,570.8314285714285,586.05,Czechia
2021-01-10,8630.76,688.7342857142858,647.42,Czechia
2021-01-17,5517.83,675.8842857142857,524.4,Czechia
2021-01-24,4602.64,609.7628571428571,466.55,Czechia
2021-01-31,4491.52,570.2985714285714,430.82,Czechia
2021-02-07,4766.23,564.5414285714286,455.69,Czechia
2021-02-14,5044.22,572.9285714285714,462.84,Czechia
2021-02-21,6182.11,614.7328571428571,539.36,Czechia
2021-02-28,7816.01,698.63,641.99,Czechia
2021-03-07,8166.05,802.84,696.11,Czechia
2021-03-14,7405.27,853.6442857142857,694.97,Czechia
2021-03-21,6285.64,854.3000000000001,626.55,Czechia
2021-03-28,4783.28,783.4842857142858,552.7,Czechia
2021-04-04,3516.93,678.7271428571429,463.88,Czechia
2021-04-11,2707.15,586.0642857142857,375.55,Czechia
2021-04-18,2077.91,448.7742857142857,272.06,Czechia
2021-04-25,1670.35,356.92571428571426,224.99,Czechia
2021-05-02,1412.23,273.4742857142857,172.38,Czechia
2021-05-09,1051.6,215.24,136.17,Czechia
2021-05-16,747.85,156.41714285714286,95.01,Czechia
2021-05-23,491.04,105.13428571428572,59.84,Czechia
2021-05-30,318.55,65.71142857142857,37.54,Czechia
2021-06-06,230.58,38.97428571428571,23.92,Czechia
2021-06-13,144.47,21.851428571428574,12.77,Czechia
2021-06-20,91.63,11.625714285714285,9.15,Czechia
2021-06-27,68.58,7.38,4.96,Czechia
2021-07-04,95.57,4.614285714285714,4.29,Czechia
2021-07-11,130.51,3.31,3.43,Czechia
2021-07-18,159.28,3.185714285714286,4.86,Czechia
2021-07-25,136.7,4.437142857142857,6.77,Czechia
2021-08-01,117.3,5.541428571428571,6.29,Czechia
2021-08-08,113.93,5.635714285714286,6.38,Czechia
2021-08-15,127.05,5.9471428571428575,6.0,Czechia
2021-08-22,123.86,6.792857142857143,7.72,Czechia
2021-08-29,130.7,6.237142857142857,6.48,Czechia
2021-09-05,163.12,5.99,8.2,Czechia
2021-09-12,250.53,10.387142857142859,12.67,Czechia
2021-09-19,290.82,15.81857142857143,16.87,Czechia
2021-09-26,312.93,17.752857142857145,16.2,Czechia
2021-10-03,423.96,22.925714285714285,23.44,Czechia
2021-10-10,575.37,30.955714285714286,34.69,Czechia
2021-10-17,880.43,46.55714285714286,52.7,Czechia
2021-10-24,1969.79,80.18142857142857,101.1,Czechia
2021-10-31,3214.03,138.54142857142855,167.05,Czechia
2021-11-07,5126.2,246.91714285714286,275.49,Czechia
2021-11-14,7147.42,366.45285714285717,360.59,Czechia
2021-11-21,10095.27,485.61285714285714,465.22,Czechia
2021-11-28,12281.21,596.6285714285714,533.16,Czechia
2021-12-05,11291.63,659.5071428571429,517.06,Czechia
2021-12-12,8993.92,620.53,438.92,Czechia
2021-12-19,6635.21,530.1385714285715,350.77,Czechia
2021-12-26,4097.17,394.3342857142857,245.57,Czechia
2022-01-02,3496.32,313.55428571428575,224.8,Czechia
2022-01-09,4670.94,258.5828571428571,163.9,Czechia
2022-01-16,7134.49,191.9485714285714,112.16,Czechia
2022-01-23,16313.55,159.35714285714286,167.52,Czechia
2022-01-30,26202.13,205.35714285714286,280.06,Czechia
2022-02-06,26849.64,304.95,396.32,Czechia
2022-02-13,17780.21,379.5642857142857,441.2,Czechia
2022-02-20,12111.72,373.8885714285714,382.6,Czechia
2022-02-27,7535.12,321.7514285714286,315.8,Czechia
2022-03-06,6124.77,255.09857142857143,252.72,Czechia
2022-03-13,5988.45,224.84857142857143,243.0,Czechia
2022-03-20,6065.37,219.66428571428574,238.61,Czechia
2022-03-27,5564.58,200.54857142857145,197.26,Czechia
2022-04-03,4728.66,178.03428571428572,182.2,Czechia
2022-04-10,3539.8,154.38857142857142,157.23,Czechia
2022-04-17,2156.43,117.51142857142858,110.06,Czechia
2022-04-24,1547.8,97.25285714285714,100.15,Czechia
2022-05-01,1138.08,79.66714285714286,76.04,Czechia
2022-05-08,750.48,52.30285714285714,47.65,Czechia
2022-05-15,395.29,30.574285714285715,25.54,Czechia
2022-05-22,251.66,20.148571428571426,21.35,Czechia
2022-05-29,177.64,14.144285714285715,13.06,Czechia
2022-06-05,159.84,11.148571428571428,11.24,Czechia
2022-06-12,213.15,10.251428571428573,11.53,Czechia
2022-06-19,275.92,10.17,12.96,Czechia
2022-06-26,435.2,12.23857142857143,17.25,Czechia
2022-07-03,772.31,20.842857142857145,33.07,Czechia
2022-07-10,747.29,27.744285714285716,36.69,Czechia
2022-07-17,1374.94,45.58857142857143,76.23,Czechia
2022-07-24,2005.68,80.01857142857143,126.17,Czechia
2022-07-31,2127.48,118.50428571428571,148.94,Czechia
2022-08-07,1925.57,119.72857142857143,139.79,Czechia
2022-08-14,1669.32,110.62142857142858,129.6,Czechia
2022-08-21,1711.48,99.44571428571429,113.21,Czechia
2022-08-28,1449.42,84.21000000000001,89.38,Czechia
2022-09-04,1501.05,73.17,85.48,Czechia
2022-09-11,1743.15,72.28714285714285,97.01,Czechia
2022-09-18,2076.22,85.29857142857144,112.26,Czechia
2022-09-25,2274.67,96.75,142.84,Czechia
2022-10-02,2455.96,150.27571428571426,215.74,Czechia
2022-10-09,2454.84,180.32,218.51,Czechia
2022-10-16,1864.76,163.61714285714285,174.0,Czechia
2022-10-23,1350.76,125.45857142857143,131.88,Czechia
2022-10-30,764.72,87.47857142857143,96.34,Czechia
2022-11-06,670.37,70.14714285714287,80.14,Czechia
2022-11-13,488.51,55.379999999999995,62.89,Czechia
2022-11-20,386.2,48.32714285714286,59.75,Czechia
2022-11-27,455.63,52.848571428571425,66.7,Czechia
2022-12-04,526.27,63.72428571428571,84.14,Czechia
2022-12-11,577.33,75.97571428571429,94.44,Czechia
2022-12-18,518.21,78.52142857142857,97.39,Czechia
2022-12-25,418.62,74.02857142857144,87.57,Czechia
2023-01-01,255.59,63.23428571428571,77.09,Czechia
2023-01-08,273.11,57.77285714285715,62.04,Czechia
2023-01-15,183.17,40.48571428571428,38.59,Czechia
2023-01-22,169.86,29.70285714285714,35.26,Czechia
2023-01-29,184.01,28.997142857142855,35.07,Czechia
2023-02-05,254.84,32.112857142857145,43.93,Czechia
2023-02-12,358.19,37.51857142857143,59.65,Czechia
2023-02-19,536.2,55.542857142857144,78.9,Czechia
2023-02-26,653.22,70.91,97.48,Czechia
2023-03-05,563.28,69.18142857142857,88.34,Czechia
2023-03-12,589.23,72.43571428571428,98.63,Czechia
2023-03-19,536.67,78.4542857142857,98.91,Czechia
2023-03-26,437.82,71.63142857142857,79.57,Czechia
2023-04-02,314.71,55.364285714285714,62.42,Czechia
2023-04-09,193.94,39.18142857142857,44.41,Czechia
2023-04-16,165.65,36.16857142857143,46.5,Czechia
2023-04-23,131.73,27.349999999999998,24.01,Czechia
2023-04-30,90.6,19.428571428571427,22.3,Czechia
2023-05-07,52.28,13.245714285714286,14.77,Czechia
2023-05-14,42.44,9.56857142857143,13.15,Czechia
2023-05-21,32.79,8.291428571428572,10.39,Czechia
2023-05-28,25.86,5.188571428571429,5.43,Czechia
2023-06-04,21.74,3.6614285714285715,5.43,Czechia
2023-06-11,16.3,3.295714285714286,3.53,Czechia
2023-06-18,12.27,1.9599999999999997,2.0,Czechia
2023-06-25,13.02,1.5242857142857142,2.29,Czechia
2023-07-02,6.75,0.7071428571428572,1.05,Czechia
2023-07-09,4.78,0.8857142857142858,1.52,Czechia
2023-07-16,6.28,1.28,1.43,Czechia
2023-07-23,7.4,0.6657142857142857,0.86,Czechia
2023-07-30,7.12,0.5171428571428571,1.05,Czechia
2023-08-06,11.52,0.6557142857142857,1.43,Czechia
2023-08-13,15.74,1.332857142857143,2.57,Czechia
2023-08-20,27.55,1.6885714285714286,2.86,Czechia
2023-08-27,37.29,2.9814285714285718,6.1,Czechia
2023-09-03,44.6,2.7914285714285714,5.15,Czechia
2023-09-10,83.48,4.818571428571429,10.67,Czechia
2023-09-17,165.09,10.767142857142858,20.49,Czechia
2023-09-24,210.9,14.442857142857141,22.39,Czechia
2023-10-01,203.78,17.737142857142857,31.45,Czechia
2023-10-08,282.58,23.93285714285714,32.68,Czechia
2023-10-15,284.36,25.497142857142855,39.45,Czechia
2023-10-22,331.2,34.058571428571426,50.7,Czechia
2023-10-29,413.93,44.78857142857142,67.37,Czechia
2023-11-05,482.61,53.54,72.33,Czechia
2023-11-12,517.56,47.81,64.04,Czechia
2023-11-19,517.56,51.362857142857145,77.28,Czechia
2023-11-26,799.66,65.73857142857143,104.73,Czechia
2023-12-03,967.0,73.55428571428571,113.78,Czechia
2023-12-10,1242.08,90.35000000000001,141.6,Czechia
2023-12-17,1501.14,109.05714285714285,163.05,Czechia
2023-12-24,1154.2,88.07571428571428,123.12,Czechia
2023-12-31,408.41,70.09285714285714,101.68,Czechia
2024-01-07,414.12,57.652857142857144,71.28,Czechia
2024-01-14,210.43,34.114285714285714,37.45,Czechia
2024-01-21,150.66,21.115714285714287,27.82,Czechia
2024-01-28,114.02,14.294285714285715,19.15,Czechia
2024-02-04,81.14,10.06,12.77,Czechia
2024-02-11,59.68,8.642857142857142,10.67,Czechia
2024-02-18,40.1,5.418571428571428,8.1,Czechia
2024-02-25,23.52,3.597142857142857,5.24,Czechia
2024-03-03,16.49,2.914285714285714,2.95,Czechia
2024-03-10,15.74,1.3885714285714283,2.19,Czechia
2024-03-17,12.18,1.3071428571428572,1.62,Czechia
2024-03-24,8.9,1.4014285714285715,1.81,Czechia
2024-03-31,8.43,1.2114285714285715,1.14,Czechia
2024-04-07,8.24,0.897142857142857,1.81,Czechia
2024-04-14,6.65,0.8857142857142858,1.24,Czechia
2024-04-21,5.53,0.8857142857142858,1.43,Czechia
2024-04-28,4.97,0.5714285714285714,0.38,Czechia
2024-05-05,5.81,0.47857142857142854,0.95,Czechia
2024-05-12,6.18,0.41000000000000003,0.38,Czechia
2024-05-19,6.0,0.23285714285714285,0.48,Czechia
2024-05-26,7.12,0.6542857142857142,1.24,Czechia
2024-06-02,6.37,0.7328571428571429,0.86,Czechia
2024-06-09,8.99,0.35571428571428576,0.38,Czechia
2024-06-16,14.62,0.5585714285714286,0.95,Czechia
2024-06-23,14.24,0.5585714285714286,1.05,Czechia
2024-06-30,17.15,0.79,1.14,Czechia
2024-07-07,13.87,0.3142857142857142,0.57,Czechia
2024-07-14,26.7,0.7371428571428572,1.52,Czechia
2024-07-21,29.14,1.2242857142857144,1.52,Czechia
2024-07-28,42.63,1.8957142857142857,3.91,Czechia
2024-08-04,53.5,2.1914285714285713,3.72,Czechia
2024-08-11,,2.8314285714285714,,Czechia
2024-08-18,,,,Czechia
2020-01-05,,,,Denmark
2020-01-12,0.0,,,Denmark
2020-01-19,0.0,,,Denmark
2020-01-26,0.0,,,Denmark
2020-02-02,0.0,,,Denmark
2020-02-09,0.0,,,Denmark
2020-02-16,0.0,,,Denmark
2020-02-23,0.0,,,Denmark
2020-03-01,0.51,,,Denmark
2020-03-08,3.39,,,Denmark
2020-03-15,136.2,,22.95,Denmark
2020-03-22,84.54,,55.93,Denmark
2020-03-29,148.23,,94.35,Denmark
2020-04-05,317.81,,68.17,Denmark
2020-04-12,325.1,73.2942857142857,44.03,Denmark
2020-04-19,211.08,58.16428571428571,38.08,Denmark
2020-04-26,203.8,51.0,35.19,Denmark
2020-05-03,162.97,41.82,20.91,Denmark
2020-05-10,154.5,32.324285714285715,13.77,Denmark
2020-05-17,91.31,22.78,10.37,Denmark
2020-05-24,73.02,17.922857142857143,10.37,Denmark
2020-05-31,58.28,15.81,8.33,Denmark
2020-06-07,49.3,12.895714285714286,5.95,Denmark
2020-06-14,36.42,9.228571428571428,3.4,Denmark
2020-06-21,50.31,6.8,5.61,Denmark
2020-06-28,44.72,5.5371428571428565,5.44,Denmark
2020-07-05,24.9,4.905714285714287,4.25,Denmark
2020-07-12,21.85,3.06,3.23,Denmark
2020-07-19,38.29,3.06,3.23,Denmark
2020-07-26,46.08,3.084285714285714,3.74,Denmark
2020-08-02,65.05,3.3514285714285714,4.42,Denmark
2020-08-09,119.94,3.91,5.78,Denmark
2020-08-16,158.06,2.7199999999999998,4.25,Denmark
2020-08-23,121.64,3.23,5.78,Denmark
2020-08-30,95.21,3.448571428571429,4.08,Denmark
2020-09-06,162.12,3.302857142857143,7.48,Denmark
2020-09-13,308.49,6.217142857142856,13.26,Denmark
2020-09-20,487.73,9.787142857142856,19.38,Denmark
2020-09-27,639.86,15.057142857142855,22.78,Denmark
2020-10-04,523.3,18.068571428571428,21.59,Denmark
2020-10-11,470.96,19.08857142857143,18.19,Denmark
2020-10-18,484.34,18.384285714285713,23.63,Denmark
2020-10-25,757.26,21.25,27.03,Denmark
2020-11-01,1175.69,24.382857142857144,40.97,Denmark
2020-11-08,1334.77,30.964285714285715,47.09,Denmark
2020-11-15,1160.11,38.857142857142854,46.75,Denmark
2020-11-22,1449.63,42.839999999999996,52.36,Denmark
2020-11-29,1477.07,42.98571428571428,46.24,Denmark
2020-12-06,1779.46,46.628571428571426,66.47,Denmark
2020-12-13,3093.06,60.59285714285714,103.19,Denmark
2020-12-20,4148.81,90.14857142857143,167.79,Denmark
2020-12-27,3313.8,126.26142857142857,179.01,Denmark
2021-01-03,2773.89,154.0442857142857,170.0,Denmark
2021-01-10,2151.32,151.17857142857142,148.41,Denmark
2021-01-17,1348.32,143.40714285714287,114.75,Denmark
2021-01-24,968.68,128.66571428571427,100.3,Denmark
2021-01-31,707.79,105.69142857142857,59.67,Denmark
2021-02-07,523.64,76.23285714285714,40.8,Denmark
2021-02-14,488.06,59.54857142857143,36.21,Denmark
2021-02-21,510.6,46.67714285714286,31.45,Denmark
2021-02-28,618.51,40.144285714285715,34.34,Denmark
2021-03-07,608.85,38.05571428571428,36.89,Denmark
2021-03-14,947.33,37.934285714285714,34.51,Denmark
2021-03-21,835.18,33.10142857142857,34.17,Denmark
2021-03-28,796.39,34.85,42.67,Denmark
2021-04-04,960.38,36.62285714285714,44.71,Denmark
2021-04-11,742.52,37.715714285714284,37.57,Denmark
2021-04-18,784.36,32.494285714285716,38.42,Denmark
2021-04-25,894.31,32.13,36.38,Denmark
2021-05-02,852.97,29.919999999999998,36.21,Denmark
2021-05-09,1039.66,27.054285714285715,35.02,Denmark
2021-05-16,1246.34,27.175714285714285,43.01,Denmark
2021-05-23,1206.19,26.47142857142857,34.68,Denmark
2021-05-30,1147.74,24.844285714285714,33.66,Denmark
2021-06-06,1050.67,24.892857142857142,28.39,Denmark
2021-06-13,664.59,19.695714285714285,22.27,Denmark
2021-06-20,322.55,15.057142857142859,14.11,Denmark
2021-06-27,221.25,11.535714285714286,8.5,Denmark
2021-07-04,365.24,8.84,6.63,Denmark
2021-07-11,624.95,6.119999999999999,11.05,Denmark
2021-07-18,1159.6,8.427142857142856,17.17,Denmark
2021-07-25,917.68,9.277142857142858,16.83,Denmark
2021-08-01,1004.76,9.932857142857143,19.72,Denmark
2021-08-08,1043.22,11.001428571428571,20.91,Denmark
2021-08-15,1179.42,16.66,31.96,Denmark
2021-08-22,1155.2,19.25857142857143,38.08,Denmark
2021-08-29,1118.94,21.881428571428568,34.0,Denmark
2021-09-05,846.36,22.755714285714284,32.13,Denmark
2021-09-12,608.52,21.59,26.52,Denmark
2021-09-19,415.73,18.457142857142856,15.3,Denmark
2021-09-26,388.11,15.057142857142855,15.81,Denmark
2021-10-03,504.67,15.057142857142859,14.45,Denmark
2021-10-10,625.62,14.911428571428571,19.21,Denmark
2021-10-17,796.9,16.854285714285716,28.05,Denmark
2021-10-24,1186.7,23.46,42.33,Denmark
2021-10-31,1895.0,36.04,51.34,Denmark
2021-11-07,2353.76,44.56428571428571,64.26,Denmark
2021-11-14,3380.37,54.035714285714285,77.86,Denmark
2021-11-21,4502.36,64.01714285714286,95.54,Denmark
2021-11-28,4736.83,73.02714285714286,95.71,Denmark
2021-12-05,5327.55,74.67857142857143,105.57,Denmark
2021-12-12,7168.51,78.90428571428572,116.62,Denmark
2021-12-19,11352.9,87.93857142857144,137.7,Denmark
2021-12-26,13493.03,94.64142857142858,146.54,Denmark
2022-01-02,21297.84,111.98142857142857,201.45,Denmark
2022-01-09,21507.23,129.00571428571428,201.62,Denmark
2022-01-16,26224.41,127.23285714285714,234.09,Denmark
2022-01-23,42483.88,137.57857142857142,283.9,Denmark
2022-01-30,54460.37,158.87714285714284,335.24,Denmark
2022-02-06,48999.83,189.50142857142856,408.69,Denmark
2022-02-13,54641.97,226.75571428571428,473.46,Denmark
2022-02-20,44602.67,263.2085714285714,492.67,Denmark
2022-02-27,30399.48,289.49,432.83,Denmark
2022-03-06,20571.25,278.48857142857145,371.29,Denmark
2022-03-13,15367.2,262.6742857142857,298.52,Denmark
2022-03-20,9482.8,245.06714285714287,253.47,Denmark
2022-03-27,6654.53,218.81428571428572,201.79,Denmark
2022-04-03,4306.53,192.02714285714288,164.73,Denmark
2022-04-10,3186.06,165.84714285714284,143.31,Denmark
2022-04-17,2301.07,140.7357142857143,115.6,Denmark
2022-04-24,2032.73,131.14285714285714,99.96,Denmark
2022-05-01,1294.45,114.4342857142857,77.86,Denmark
2022-05-08,1030.68,90.85285714285715,62.05,Denmark
2022-05-15,837.56,77.83571428571429,47.09,Denmark
2022-05-22,726.59,63.215714285714284,42.16,Denmark
2022-05-29,577.0,48.037142857142854,33.66,Denmark
2022-06-05,643.07,41.79571428571428,34.0,Denmark
2022-06-12,842.81,36.720000000000006,37.4,Denmark
2022-06-19,1275.14,38.32285714285714,53.72,Denmark
2022-06-26,1759.98,44.199999999999996,78.88,Denmark
2022-07-03,2168.76,50.878571428571426,85.51,Denmark
2022-07-10,2582.8,55.88142857142857,100.98,Denmark
2022-07-17,2622.61,69.45714285714286,128.52,Denmark
2022-07-24,2447.27,86.48142857142857,128.52,Denmark
2022-07-31,1854.17,83.00857142857141,98.94,Denmark
2022-08-07,1802.34,74.24142857142859,91.12,Denmark
2022-08-14,2000.54,,93.67,Denmark
2022-08-21,1645.46,70.38,85.51,Denmark
2022-08-28,1167.39,60.88428571428572,65.62,Denmark
2022-09-04,872.62,51.99571428571429,50.66,Denmark
2022-09-11,925.31,47.69714285714286,53.72,Denmark
2022-09-18,887.53,46.79857142857143,56.95,Denmark
2022-09-25,1059.14,53.38,79.05,Denmark
2022-10-02,1415.24,65.5957142857143,99.28,Denmark
2022-10-09,1532.64,72.20142857142858,107.27,Denmark
2022-10-16,1559.06,83.51857142857143,130.05,Denmark
2022-10-23,1365.43,85.48571428571428,105.4,Denmark
2022-10-30,1112.84,83.39714285714285,79.39,Denmark
2022-11-06,773.18,70.23428571428572,56.61,Denmark
2022-11-13,719.98,55.66285714285714,47.43,Denmark
2022-11-20,653.24,47.55142857142857,41.82,Denmark
2022-11-27,733.88,44.41857142857143,51.0,Denmark
2022-12-04,1107.59,53.89,75.48,Denmark
2022-12-11,1514.85,,89.08,Denmark
2022-12-18,1170.44,73.90142857142858,118.83,Denmark
2022-12-25,1539.24,87.23428571428572,142.8,Denmark
2023-01-01,1313.59,,136.68,Denmark
2023-01-08,822.99,,109.48,Denmark
2023-01-15,415.73,80.75,66.47,Denmark
2023-01-22,229.89,58.01857142857143,38.93,Denmark
2023-01-29,180.25,41.55285714285714,24.82,Denmark
2023-02-05,181.61,,30.26,Denmark
2023-02-12,162.8,35.19,31.28,Denmark
2023-02-19,149.08,33.441428571428574,32.98,Denmark
2023-02-26,139.42,33.61142857142857,31.62,Denmark
2023-03-05,127.9,30.162857142857142,37.06,Denmark
2023-03-12,143.15,,43.18,Denmark
2023-03-19,211.42,36.792857142857144,72.08,Denmark
2023-03-26,268.34,42.864285714285714,80.58,Denmark
2023-04-02,221.76,51.51,77.35,Denmark
2023-04-09,138.07,57.26571428571429,83.3,Denmark
2023-04-16,141.12,,77.86,Denmark
2023-04-23,127.23,,65.11,Denmark
2023-04-30,99.27,50.36857142857143,55.25,Denmark
2023-05-07,88.77,47.43,55.59,Denmark
2023-05-14,101.98,48.037142857142854,56.1,Denmark
2023-05-21,62.17,,40.8,Denmark
2023-05-28,59.12,30.575714285714287,25.33,Denmark
2023-06-04,32.7,26.47142857142857,20.4,Denmark
2023-06-11,29.14,19.574285714285715,15.64,Denmark
2023-06-18,27.44,,,Denmark
2023-06-25,4.4,,,Denmark
2023-07-02,13.38,,,Denmark
2023-07-09,9.99,,,Denmark
2023-07-16,14.57,,,Denmark
2023-07-23,15.42,,,Denmark
2023-07-30,9.99,,,Denmark
2023-08-06,17.79,,,Denmark
2023-08-13,23.89,,,Denmark
2023-08-20,46.76,,,Denmark
2023-08-27,48.11,,,Denmark
2023-09-03,62.51,,,Denmark
2023-09-10,72.68,,,Denmark
2023-09-17,64.54,,,Denmark
2023-09-24,24.4,,,Denmark
2023-10-01,54.04,,,Denmark
2023-10-08,0.0,,,Denmark
2023-10-15,0.0,,,Denmark
2023-10-22,0.0,,,Denmark
2023-10-29,0.0,,,Denmark
2023-11-05,159.41,,,Denmark
2023-11-12,182.79,,,Denmark
2023-11-19,204.98,,,Denmark
2023-11-26,280.71,,,Denmark
2023-12-03,347.29,,,Denmark
2023-12-10,459.44,,,Denmark
2023-12-17,455.37,,,Denmark
2023-12-24,330.68,,,Denmark
2023-12-31,176.18,,,Denmark
2024-01-07,124.01,,,Denmark
2024-01-14,66.41,,,Denmark
2024-01-21,53.53,,,Denmark
2024-01-28,36.59,,,Denmark
2024-02-04,28.8,,,Denmark
2024-02-11,21.85,,,Denmark
2024-02-18,20.16,,,Denmark
2024-02-25,15.42,,,Denmark
2024-03-03,14.74,,,Denmark
2024-03-10,10.5,,,Denmark
2024-03-17,10.67,,,Denmark
2024-03-24,11.01,,,Denmark
2024-03-31,9.49,,,Denmark
2024-04-07,7.28,,,Denmark
2024-04-14,8.81,,,Denmark
2024-04-21,6.44,,,Denmark
2024-04-28,7.12,,,Denmark
2024-05-05,10.5,,,Denmark
2024-05-12,8.64,,,Denmark
2024-05-19,11.35,,,Denmark
2024-05-26,10.16,,,Denmark
2024-06-02,10.33,,,Denmark
2024-06-09,10.84,,,Denmark
2024-06-16,19.48,,,Denmark
2024-06-23,30.49,,,Denmark
2024-06-30,0.0,,,Denmark
2024-07-07,0.0,,,Denmark
2024-07-14,0.0,,,Denmark
2024-07-21,0.0,,,Denmark
2024-07-28,0.0,,,Denmark
2024-08-04,0.0,,,Denmark
2024-08-11,,,,Denmark
2024-08-18,,,,Denmark
2020-01-05,,,,France
2020-01-12,0.0,,,France
2020-01-19,0.0,,,France
2020-01-26,0.05,,,France
2020-02-02,0.05,,,France
2020-02-09,0.09,,,France
2020-02-16,0.0,,,France
2020-02-23,0.06,,,France
2020-03-01,0.0,,,France
2020-03-08,0.0,,,France
2020-03-15,0.0,,,France
2020-03-22,0.0,,,France
2020-03-29,0.0,205.14285714285714,295.39,France
2020-04-05,0.0,375.7057142857143,350.38,France
2020-04-12,0.0,451.2342857142857,280.96,France
2020-04-19,0.0,461.2285714285714,182.0,France
2020-04-26,0.0,429.69714285714286,135.73,France
2020-05-03,0.0,391.38714285714286,86.55,France
2020-05-10,0.0,347.44714285714286,62.89,France
2020-05-17,10.53,302.5842857142857,47.45,France
2020-05-24,67.52,261.9642857142857,32.46,France
2020-05-31,53.46,225.35714285714286,25.63,France
2020-06-07,42.71,194.29857142857142,17.05,France
2020-06-14,40.87,168.5614285714286,12.15,France
2020-06-21,35.27,149.55857142857144,11.25,France
2020-06-28,31.49,134.24571428571429,9.82,France
2020-07-05,36.16,120.49857142857142,9.53,France
2020-07-12,44.39,106.91142857142857,8.94,France
2020-07-19,54.61,99.68142857142857,8.91,France
2020-07-26,86.58,88.85285714285715,11.04,France
2020-08-02,119.42,78.97428571428573,11.47,France
2020-08-09,169.56,74.46285714285715,11.53,France
2020-08-16,259.03,71.78285714285714,14.86,France
2020-08-23,392.18,70.06714285714285,15.97,France
2020-08-30,587.34,67.07714285714286,19.72,France
2020-09-06,780.94,68.26571428571428,25.13,France
2020-09-13,955.73,74.64571428571428,36.34,France
2020-09-20,1143.18,83.02857142857144,57.42,France
2020-09-27,1128.06,88.05428571428571,61.99,France
2020-10-04,1164.0,98.01857142857143,62.88,France
2020-10-11,1807.15,113.38,74.97,France
2020-10-18,2611.1,142.56285714285715,111.04,France
2020-10-25,4065.64,207.12857142857143,179.54,France
2020-11-01,5172.97,310.1685714285714,257.32,France
2020-11-08,4715.75,412.57142857142856,294.04,France
2020-11-15,2744.81,474.7114285714286,256.79,France
2020-11-22,1788.3,477.13428571428574,200.89,France
2020-11-29,1199.13,434.6228571428572,138.65,France
2020-12-06,1110.37,396.2285714285714,126.5,France
2020-12-13,1208.42,375.06142857142856,128.79,France
2020-12-20,1445.59,370.37142857142857,129.8,France
2020-12-27,1305.09,364.48,114.9,France
2021-01-03,1383.81,362.0385714285714,111.26,France
2021-01-10,1902.11,362.70285714285717,132.81,France
2021-01-17,1848.89,367.52714285714285,143.91,France
2021-01-24,2024.8,380.37,166.4,France
2021-01-31,2063.31,400.76000000000005,165.94,France
2021-02-07,1998.38,409.05285714285714,165.28,France
2021-02-14,1718.12,398.21714285714285,149.06,France
2021-02-21,1828.81,380.36857142857144,140.12,France
2021-02-28,1986.64,374.60571428571427,144.04,France
2021-03-07,1933.17,368.45714285714286,139.68,France
2021-03-14,2224.39,367.88571428571424,146.48,France
2021-03-21,2859.84,375.9642857142857,163.1,France
2021-03-28,3484.33,398.92857142857144,188.9,France
2021-04-04,3771.26,423.11285714285714,205.98,France
2021-04-11,3161.58,449.2185714285714,207.02,France
2021-04-18,3145.02,454.21714285714285,198.09,France
2021-04-25,2791.99,452.32142857142856,186.16,France
2021-05-02,2223.3,435.28428571428566,161.46,France
2021-05-09,1658.89,400.21000000000004,121.02,France
2021-05-16,1258.14,353.7514285714286,83.7,France
2021-05-23,1298.36,308.8285714285715,69.38,France
2021-05-30,939.54,266.61285714285714,48.63,France
2021-06-06,723.16,226.3842857142857,42.81,France
2021-06-13,420.12,195.09714285714287,30.94,France
2021-06-20,230.56,165.76714285714283,20.23,France
2021-06-27,166.31,140.71285714285713,14.38,France
2021-07-04,216.34,122.23714285714286,12.02,France
2021-07-11,362.77,109.55857142857143,11.75,France
2021-07-18,725.85,103.52714285714285,18.12,France
2021-07-25,1837.01,101.29857142857144,27.49,France
2021-08-01,2227.58,107.46428571428571,52.7,France
2021-08-08,2289.06,121.41857142857144,71.26,France
2021-08-15,2348.1,138.75142857142856,77.94,France
2021-08-22,2078.04,153.20714285714286,92.48,France
2021-08-29,1744.38,163.58714285714285,79.57,France
2021-09-05,1334.56,161.22571428571428,63.87,France
2021-09-12,1008.44,152.32857142857142,52.87,France
2021-09-19,727.1,137.87142857142857,38.1,France
2021-09-26,561.85,122.5457142857143,31.25,France
2021-10-03,480.98,111.83000000000001,23.15,France
2021-10-10,409.88,102.34857142857142,20.73,France
2021-10-17,483.76,96.55999999999999,19.17,France
2021-10-24,532.71,94.78714285714285,22.84,France
2021-10-31,597.8,95.87285714285714,25.11,France
2021-11-07,747.65,98.82571428571428,28.37,France
2021-11-14,1032.42,102.76285714285714,32.77,France
2021-11-21,1862.26,114.38571428571429,48.88,France
2021-11-28,3037.18,131.54285714285714,66.77,France
2021-12-05,4493.01,158.8942857142857,94.2,France
2021-12-12,5247.33,195.39285714285714,120.61,France
2021-12-19,5610.87,223.00285714285715,128.47,France
2021-12-26,8085.89,237.77714285714288,125.96,France
2022-01-02,17746.89,267.69428571428574,166.59,France
2022-01-09,26855.73,309.5857142857143,214.71,France
2022-01-16,30522.57,354.13714285714286,239.13,France
2022-01-23,37603.3,407.1542857142857,276.19,France
2022-01-30,36239.39,454.25857142857143,290.3,France
2022-02-06,26565.91,483.94,296.93,France
2022-02-13,14914.09,478.5728571428572,226.02,France
2022-02-20,8804.76,441.3671428571429,173.92,France
2022-02-27,6122.66,389.6714285714285,128.72,France
2022-03-06,5418.45,344.69428571428574,97.86,France
2022-03-13,6522.17,315.37142857142857,100.51,France
2022-03-20,9121.84,304.90285714285716,110.2,France
2022-03-27,13254.94,304.42571428571426,119.05,France
2022-04-03,14925.27,321.0785714285715,150.99,France
2022-04-10,14443.22,342.61428571428576,164.98,France
2022-04-17,12795.13,364.93,173.65,France
2022-04-24,8388.03,368.82,147.94,France
2022-05-01,5857.58,354.8671428571428,130.39,France
2022-05-08,4121.63,323.23857142857145,108.67,France
2022-05-15,3371.56,291.4642857142857,78.26,France
2022-05-22,2524.04,260.09142857142854,59.07,France
2022-05-29,1763.53,237.1042857142857,41.33,France
2022-06-05,2303.66,217.13857142857142,42.16,France
2022-06-12,3015.26,208.75142857142856,44.9,France
2022-06-19,4635.02,205.86714285714285,53.32,France
2022-06-26,7105.22,213.1657142857143,75.68,France
2022-07-03,11381.7,233.26142857142855,99.44,France
2022-07-10,14063.56,258.6357142857143,135.98,France
2022-07-17,10638.01,288.79285714285714,141.9,France
2022-07-24,8125.65,306.7114285714286,149.13,France
2022-07-31,5125.14,302.28000000000003,116.88,France
2022-08-07,3301.24,283.4742857142857,86.97,France
2022-08-14,2352.09,260.22999999999996,69.62,France
2022-08-21,1854.71,243.21,56.64,France
2022-08-28,1820.84,227.66857142857143,47.59,France
2022-09-04,1657.98,212.09714285714287,39.46,France
2022-09-11,1748.27,199.27285714285713,37.69,France
2022-09-18,2938.09,191.77285714285716,38.98,France
2022-09-25,3589.63,190.63000000000002,45.64,France
2022-10-02,4824.62,209.20000000000002,73.78,France
2022-10-09,5997.04,239.4485714285714,100.78,France
2022-10-16,6099.7,271.4685714285714,115.11,France
2022-10-23,5424.08,294.9871428571428,117.46,France
2022-10-30,3467.55,292.35,94.29,France
2022-11-06,2389.91,280.31428571428575,65.5,France
2022-11-13,2350.05,267.0728571428571,61.39,France
2022-11-20,3448.94,265.2814285714286,81.28,France
2022-11-27,4568.2,269.9114285714286,85.07,France
2022-12-04,5975.19,287.5728571428571,111.48,France
2022-12-11,6684.76,315.55428571428575,137.44,France
2022-12-18,6086.0,350.90999999999997,157.21,France
2022-12-25,4664.81,370.09142857142854,148.69,France
2023-01-01,2360.19,363.3257142857143,108.93,France
2023-01-08,1257.5,337.0357142857143,85.62,France
2023-01-15,677.13,302.7942857142857,54.33,France
2023-01-22,493.07,274.4242857142857,35.08,France
2023-01-29,466.71,243.24714285714285,28.59,France
2023-02-05,406.47,210.94428571428574,28.53,France
2023-02-12,350.74,199.46142857142857,72.07,France
2023-02-19,375.19,192.84857142857143,26.93,France
2023-02-26,408.76,191.19,29.89,France
2023-03-05,393.89,188.5142857142857,26.85,France
2023-03-12,557.75,192.06428571428572,33.46,France
2023-03-19,720.39,195.8457142857143,34.9,France
2023-03-26,849.33,194.67714285714285,43.1,France
2023-04-02,891.17,,,France
2023-04-09,861.02,,,France
2023-04-16,816.91,,,France
2023-04-23,755.76,,,France
2023-04-30,629.2,,,France
2023-05-07,487.45,,,France
2023-05-14,377.74,,,France
2023-05-21,321.26,,,France
2023-05-28,392.52,,,France
2023-06-04,289.59,,,France
2023-06-11,242.98,,,France
2023-06-18,174.24,,,France
2023-06-25,124.18,,,France
2023-07-02,,,,France
2023-07-09,,,,France
2023-07-16,,,,France
2023-07-23,,,,France
2023-07-30,,,,France
2023-08-06,,,,France
2023-08-13,,,,France
2023-08-20,,,,France
2023-08-27,,,,France
2023-09-03,,,,France
2023-09-10,,,,France
2023-09-17,,,,France
2023-09-24,,,,France
2023-10-01,,,,France
2023-10-08,,,,France
2023-10-15,,,,France
2023-10-22,,,,France
2023-10-29,,,,France
2023-11-05,,,,France
2023-11-12,,,,France
2023-11-19,,,,France
2023-11-26,,,,France
2023-12-03,,,,France
2023-12-10,,,,France
2023-12-17,,,,France
2023-12-24,,,,France
2023-12-31,,,,France
2024-01-07,,,,France
2024-01-14,,,,France
2024-01-21,,,,France
2024-01-28,,,,France
2024-02-04,,,,France
2024-02-11,,,,France
2024-02-18,,,,France
2024-02-25,,,,France
2024-03-03,,,,France
2024-03-10,,,,France
2024-03-17,,,,France
2024-03-24,,,,France
2024-03-31,,,,France
2024-04-07,,,,France
2024-04-14,,,,France
2024-04-21,,,,France
2024-04-28,,,,France
2024-05-05,,,,France
2024-05-12,,,,France
2024-05-19,,,,France
2024-05-26,,,,France
2024-06-02,,,,France
2024-06-09,,,,France
2024-06-16,,,,France
2024-06-23,,,,France
2024-06-30,,,,France
2024-07-07,,,,France
2024-07-14,,,,France
2024-07-21,,,,France
2024-07-28,,,,France
2024-08-04,,,,France
2024-08-11,,,,France
2024-08-18,,,,France
2020-01-05,,,,Israel
2020-01-12,0.0,,,Israel
2020-01-19,0.0,,,Israel
2020-01-26,0.0,,,Israel
2020-02-02,0.0,,,Israel
2020-02-09,0.0,,,Israel
2020-02-16,0.99,,,Israel
2020-02-23,0.11,,,Israel
2020-03-01,0.55,,,Israel
2020-03-08,2.86,1.6328571428571428,2.33,Israel
2020-03-15,16.59,12.231428571428571,19.79,Israel
2020-03-22,92.72,31.552857142857142,28.89,Israel
2020-03-29,315.06,51.56857142857143,56.3,Israel
2020-04-05,467.86,83.43857142857142,80.64,Israel
2020-04-12,306.05,76.50142857142858,50.06,Israel
2020-04-19,281.99,74.38285714285715,43.39,Israel
2020-04-26,193.23,56.19571428571429,22.22,Israel
2020-05-03,84.37,40.74571428571429,14.6,Israel
2020-05-10,32.19,29.194285714285716,9.74,Israel
2020-05-17,18.57,22.407142857142855,5.29,Israel
2020-05-24,13.29,17.024285714285714,3.18,Israel
2020-05-31,37.79,13.832857142857142,4.13,Israel
2020-06-07,82.61,13.771428571428572,7.73,Israel
2020-06-14,138.41,15.209999999999999,10.9,Israel
2020-06-21,184.11,20.485714285714288,21.48,Israel
2020-06-28,310.99,25.791428571428572,23.6,Israel
2020-07-05,638.24,37.02571428571429,46.57,Israel
2020-07-12,961.87,57.34571428571428,73.87,Israel
2020-07-19,1253.19,75.48714285714286,91.86,Israel
2020-07-26,1303.62,89.00428571428571,90.49,Israel
2020-08-02,1200.9,96.42714285714285,89.64,Israel
2020-08-09,1110.17,98.90714285714286,88.69,Israel
2020-08-16,1080.84,99.22571428571428,88.16,Israel
2020-08-23,1064.14,102.52,88.26,Israel
2020-08-30,1280.0,109.32142857142857,97.68,Israel
2020-09-06,1703.59,112.89142857142858,103.82,Israel
2020-09-13,2623.38,128.6142857142857,126.79,Israel
2020-09-20,3580.08,151.70142857142858,150.39,Israel
2020-09-27,4737.7,178.03714285714287,180.44,Israel
2020-10-04,3953.36,199.72,176.63,Israel
2020-10-11,2759.6,195.25714285714284,150.7,Israel
2020-10-18,1401.38,163.01,98.64,Israel
2020-10-25,760.84,125.78714285714285,69.53,Israel
2020-11-01,511.03,94.46142857142857,46.88,Israel
2020-11-08,497.63,76.84714285714287,40.96,Israel
2020-11-15,503.67,71.60142857142857,40.64,Israel
2020-11-22,559.26,71.43571428571428,43.81,Israel
2020-11-29,698.88,67.50428571428571,45.08,Israel
2020-12-06,992.3,74.89857142857143,66.14,Israel
2020-12-13,1318.01,84.33142857142856,76.2,Israel
2020-12-20,1903.3,106.46714285714286,100.65,Israel
2020-12-27,2865.27,132.27142857142857,124.14,Israel
2021-01-03,4025.31,161.15142857142857,154.3,Israel
2021-01-10,5574.89,207.5514285714286,201.08,Israel
2021-01-17,6399.55,242.64285714285714,210.08,Israel
2021-01-24,5478.66,243.88285714285715,195.47,Israel
2021-01-31,5032.99,227.71857142857144,170.81,Israel
2021-02-07,5071.98,220.46428571428572,173.99,Israel
2021-02-14,3949.73,200.11142857142858,147.21,Israel
2021-02-21,2837.04,178.69,123.29,Israel
2021-02-28,2836.93,157.1142857142857,123.5,Israel
2021-03-07,2872.85,146.66714285714286,112.29,Israel
2021-03-14,1965.14,131.24428571428572,90.8,Israel
2021-03-21,1029.42,109.85285714285715,64.77,Israel
2021-03-28,499.06,85.36142857142856,38.63,Israel
2021-04-04,259.25,66.00857142857143,26.88,Israel
2021-04-11,184.99,51.73571428571428,20.74,Israel
2021-04-18,115.56,38.94571428571429,14.6,Israel
2021-04-25,108.1,29.252857142857145,9.0,Israel
2021-05-02,68.55,22.24142857142857,6.56,Israel
2021-05-09,44.38,18.234285714285715,6.03,Israel
2021-05-16,28.67,14.501428571428573,4.02,Israel
2021-05-23,22.96,12.941428571428572,4.34,Israel
2021-05-30,16.48,11.007142857142856,3.39,Israel
2021-06-06,12.63,9.251428571428573,2.86,Israel
2021-06-13,10.11,7.952857142857143,2.54,Israel
2021-06-20,20.21,7.241428571428571,2.01,Israel
2021-06-27,120.29,7.561428571428571,3.92,Israel
2021-07-04,220.25,9.132857142857143,7.09,Israel
2021-07-11,356.36,13.047142857142857,10.58,Israel
2021-07-18,573.65,18.912857142857142,18.73,Israel
2021-07-25,962.74,28.047142857142855,31.64,Israel
2021-08-01,1632.29,47.035714285714285,54.5,Israel
2021-08-08,2583.17,73.84,89.74,Israel
2021-08-15,4181.52,109.55142857142857,125.41,Israel
2021-08-22,5621.14,138.50285714285715,150.39,Israel
2021-08-29,6715.26,150.8242857142857,152.72,Israel
2021-09-05,7251.56,148.6942857142857,145.1,Israel
2021-09-12,6049.01,141.45142857142858,127.95,Israel
2021-09-19,5977.39,143.00857142857143,129.11,Israel
2021-09-26,4430.23,133.58857142857144,104.98,Israel
2021-10-03,2741.36,117.80857142857143,85.19,Israel
2021-10-10,1773.56,90.35000000000001,55.03,Israel
2021-10-17,1217.38,72.19142857142857,39.37,Israel
2021-10-24,793.35,56.787142857142854,25.08,Israel
2021-10-31,511.14,42.31714285714286,19.05,Israel
2021-11-07,414.69,33.54857142857143,11.75,Israel
2021-11-14,340.98,28.58857142857143,11.43,Israel
2021-11-21,350.54,25.731428571428573,9.74,Israel
2021-11-28,391.51,25.384285714285713,10.58,Israel
2021-12-05,399.42,25.385714285714283,11.22,Israel
2021-12-12,471.7,26.91142857142857,12.81,Israel
2021-12-19,536.85,28.844285714285714,13.23,Israel
2021-12-26,997.35,36.16428571428572,20.85,Israel
2022-01-02,2954.03,54.30714285714286,44.45,Israel
2022-01-09,12400.55,104.10857142857142,126.57,Israel
2022-01-16,33941.57,196.59,256.75,Israel
2022-01-23,54347.49,294.9371428571429,362.68,Israel
2022-01-30,52114.96,357.9685714285714,381.2,Israel
2022-02-06,42044.38,375.7471428571429,352.31,Israel
2022-02-13,26482.94,328.57571428571424,242.99,Israel
2022-02-20,14893.76,254.41714285714286,159.7,Israel
2022-02-27,8554.19,191.1757142857143,109.64,Israel
2022-03-06,5828.86,147.42428571428573,71.01,Israel
2022-03-13,4806.91,116.23285714285714,57.57,Israel
2022-03-20,5252.14,102.41428571428571,57.26,Israel
2022-03-27,9773.11,107.99428571428572,74.61,Israel
2022-04-03,9466.73,108.74857142857142,73.34,Israel
2022-04-10,6294.09,101.70285714285716,68.37,Israel
2022-04-17,3784.74,81.14142857142858,48.26,Israel
2022-04-24,2844.51,77.60285714285715,48.68,Israel
2022-05-01,2331.72,70.54285714285714,36.09,Israel
2022-05-08,1583.96,58.13142857142857,28.04,Israel
2022-05-15,1681.84,50.55714285714286,25.08,Israel
2022-05-22,1625.48,45.644285714285715,24.87,Israel
2022-05-29,1455.43,48.77571428571429,31.33,Israel
2022-06-05,1810.14,52.597142857142856,33.97,Israel
2022-06-12,3235.37,66.70428571428572,58.31,Israel
2022-06-19,5212.27,94.70428571428572,90.49,Israel
2022-06-26,7450.28,137.4757142857143,142.03,Israel
2022-07-03,8158.61,170.77857142857144,173.03,Israel
2022-07-10,8088.2,186.88285714285715,180.34,Israel
2022-07-17,6613.65,188.81714285714287,165.94,Israel
2022-07-24,4781.86,170.35714285714286,130.91,Israel
2022-07-31,3373.12,147.4385714285714,105.41,Israel
2022-08-07,2313.82,124.63714285714286,86.89,Israel
2022-08-14,1446.53,104.10571428571428,62.23,Israel
2022-08-21,1009.32,82.00428571428571,43.81,Israel
2022-08-28,760.4,65.50857142857143,31.64,Israel
2022-09-04,661.64,54.32285714285714,24.34,Israel
2022-09-11,669.44,46.41428571428571,23.92,Israel
2022-09-18,838.94,44.32857142857143,24.34,Israel
2022-09-25,833.12,43.36142857142857,26.88,Israel
2022-10-02,671.86,43.57,27.41,Israel
2022-10-09,542.34,44.042857142857144,27.09,Israel
2022-10-16,473.57,42.92285714285714,20.64,Israel
2022-10-23,505.87,43.05714285714286,24.55,Israel
2022-10-30,606.16,43.67714285714286,27.52,Israel
2022-11-06,695.69,47.277142857142856,30.27,Israel
2022-11-13,787.97,53.68714285714286,37.04,Israel
2022-11-20,969.44,61.65571428571429,43.39,Israel
2022-11-27,1123.57,69.19857142857143,50.9,Israel
2022-12-04,1233.75,76.74142857142859,61.91,Israel
2022-12-11,1204.75,79.67428571428572,56.62,Israel
2022-12-18,1133.78,76.93857142857144,55.77,Israel
2022-12-25,942.64,79.19142857142857,57.04,Israel
2023-01-01,810.05,74.02142857142857,48.26,Israel
2023-01-08,729.31,67.41571428571429,47.52,Israel
2023-01-15,585.29,64.96428571428571,42.65,Israel
2023-01-22,502.68,59.94857142857143,38.52,Israel
2023-01-29,457.86,57.451428571428565,37.46,Israel
2023-02-05,378.11,53.20285714285715,32.17,Israel
2023-02-12,316.15,49.332857142857144,29.74,Israel
2023-02-19,340.21,49.08857142857143,33.34,Israel
2023-02-26,390.2,54.550000000000004,41.8,Israel
2023-03-05,401.73,57.63428571428572,41.17,Israel
2023-03-12,380.31,58.26857142857143,39.69,Israel
2023-03-19,421.61,57.58857142857143,36.72,Israel
2023-03-26,350.65,53.065714285714286,37.04,Israel
2023-04-02,306.6,50.934285714285714,35.66,Israel
2023-04-09,216.3,50.784285714285716,36.51,Israel
2023-04-16,203.45,50.82857142857143,28.26,Israel
2023-04-23,214.87,45.32857142857143,24.98,Israel
2023-04-30,146.54,35.847142857142856,19.68,Israel
2023-05-07,169.17,29.830000000000002,11.11,Israel
2023-05-14,128.42,,,Israel
2023-05-21,93.37,,,Israel
2023-05-28,75.58,,,Israel
2023-06-04,81.84,,,Israel
2023-06-11,80.74,,,Israel
2023-06-18,66.02,,,Israel
2023-06-25,65.58,,,Israel
2023-07-02,56.46,,,Israel
2023-07-09,54.6,,,Israel
2023-07-16,59.21,,,Israel
2023-07-23,58.77,,,Israel
2023-07-30,61.85,,,Israel
2023-08-06,59.43,,,Israel
2023-08-13,66.02,,,Israel
2023-08-20,82.06,,,Israel
2023-08-27,95.13,,,Israel
2023-09-03,108.2,,,Israel
2023-09-10,115.12,,,Israel
2023-09-17,139.4,,,Israel
2023-09-24,160.82,,,Israel
2023-10-01,114.03,,,Israel
2023-10-08,86.12,,,Israel
2023-10-15,42.73,,,Israel
2023-10-22,29.0,,,Israel
2023-10-29,19.77,,,Israel
2023-11-05,0.0,,,Israel
2023-11-12,0.0,,,Israel
2023-11-19,0.0,,,Israel
2023-11-26,0.0,,,Israel
2023-12-03,0.0,,,Israel
2023-12-10,0.0,,,Israel
2023-12-17,0.0,,,Israel
2023-12-24,0.0,,,Israel
2023-12-31,0.0,,,Israel
2024-01-07,0.0,,,Israel
2024-01-14,0.0,,,Israel
2024-01-21,0.0,,,Israel
2024-01-28,0.0,,,Israel
2024-02-04,0.0,,,Israel
2024-02-11,0.0,,,Israel
2024-02-18,0.0,,,Israel
2024-02-25,0.0,,,Israel
2024-03-03,0.0,,,Israel
2024-03-10,0.0,,,Israel
2024-03-17,0.0,,,Israel
2024-03-24,0.0,,,Israel
2024-03-31,0.0,,,Israel
2024-04-07,0.0,,,Israel
2024-04-14,0.0,,,Israel
2024-04-21,0.0,,,Israel
2024-04-28,0.0,,,Israel
2024-05-05,0.0,,,Israel
2024-05-12,0.0,,,Israel
2024-05-19,0.0,,,Israel
2024-05-26,0.0,,,Israel
2024-06-02,0.0,,,Israel
2024-06-09,0.0,,,Israel
2024-06-16,0.0,,,Israel
2024-06-23,0.0,,,Israel
2024-06-30,0.0,,,Israel
2024-07-07,0.0,,,Israel
2024-07-14,0.0,,,Israel
2024-07-21,0.0,,,Israel
2024-07-28,0.0,,,Israel
2024-08-04,0.0,,,Israel
2024-08-11,,,,Israel
2024-08-18,,,,Israel
2020-01-05,,,,Italy
2020-01-12,0.0,,,Italy
2020-01-19,0.0,,,Italy
2020-01-26,0.0,,,Italy
2020-02-02,0.05,,,Italy
2020-02-09,0.0,,,Italy
2020-02-16,0.0,,,Italy
2020-02-23,1.27,,,Italy
2020-03-01,17.6,5.902857142857143,37.69,Italy
2020-03-08,79.76,39.28285714285715,117.57,Italy
2020-03-15,256.19,134.56857142857143,214.42,Italy
2020-03-22,543.8,301.98857142857145,308.04,Italy
2020-03-29,652.38,473.74285714285713,257.12,Italy
2020-04-05,539.42,551.1285714285715,159.53,Italy
2020-04-12,463.59,542.0771428571428,112.39,Italy
2020-04-19,396.75,500.9814285714286,81.36,Italy
2020-04-26,325.83,427.4971428571429,66.57,Italy
2020-05-03,234.44,342.46857142857147,42.06,Italy
2020-05-10,149.95,278.0385714285714,32.83,Italy
2020-05-17,108.89,211.91428571428574,24.37,Italy
2020-05-24,76.6,169.03857142857143,17.53,Italy
2020-05-31,55.97,132.57142857142858,14.11,Italy
2020-06-07,35.84,98.83857142857143,11.4,Italy
2020-06-14,31.03,74.24428571428572,10.91,Italy
2020-06-21,33.93,51.699999999999996,9.84,Italy
2020-06-28,31.22,27.934285714285714,9.89,Italy
2020-07-05,21.52,18.44142857142857,9.42,Italy
2020-07-12,23.62,15.932857142857143,8.72,Italy
2020-07-19,23.3,13.907142857142857,8.82,Italy
2020-07-26,27.64,13.111428571428572,9.49,Italy
2020-08-02,33.01,13.049999999999999,8.99,Italy
2020-08-09,38.09,13.622857142857143,9.79,Italy
2020-08-16,55.94,14.122857142857143,10.32,Italy
2020-08-23,78.8,16.137142857142855,13.67,Italy
2020-08-30,146.21,20.307142857142857,16.77,Italy
2020-09-06,159.08,27.404285714285717,19.53,Italy
2020-09-13,167.06,34.065714285714286,23.66,Italy
2020-09-20,172.29,42.51857142857143,26.68,Italy
2020-09-27,193.48,49.614285714285714,29.93,Italy
2020-10-04,245.68,57.598571428571425,38.55,Italy
2020-10-11,448.56,73.30571428571429,63.33,Italy
2020-10-18,889.68,109.55,110.4,Italy
2020-10-25,1710.41,183.1585714285714,180.73,Italy
2020-11-01,2933.98,298.03999999999996,243.4,Italy
2020-11-08,3741.42,432.4328571428572,293.54,Italy
2020-11-15,4060.14,561.3242857142857,289.48,Italy
2020-11-22,3958.11,631.1142857142858,257.68,Italy
2020-11-29,3086.28,639.0714285714286,209.29,Italy
2020-12-06,2439.8,598.0,180.55,Italy
2020-12-13,1942.06,548.4871428571429,157.43,Italy
2020-12-20,1883.76,495.92571428571426,147.3,Italy
2020-12-27,1689.06,453.39142857142855,142.11,Italy
2021-01-03,1711.18,438.11857142857144,157.1,Italy
2021-01-10,1956.84,438.65142857142854,159.7,Italy
2021-01-17,1859.59,436.2628571428572,145.48,Italy
2021-01-24,1450.07,415.19714285714286,125.02,Italy
2021-01-31,1452.52,390.65999999999997,115.4,Italy
2021-02-07,1397.46,372.0657142857143,113.79,Italy
2021-02-14,1437.81,357.46857142857147,110.18,Italy
2021-02-21,1425.33,341.2885714285714,117.81,Italy
2021-02-28,1879.08,347.13142857142856,149.36,Italy
2021-03-07,2330.41,382.38142857142856,185.19,Italy
2021-03-14,2601.11,442.3328571428571,213.64,Italy
2021-03-21,2591.33,506.4871428571428,223.01,Italy
2021-03-28,2617.6,542.8471428571429,210.19,Italy
2021-04-04,2312.3,551.9428571428572,199.28,Italy
2021-04-11,1741.56,544.3085714285714,162.13,Italy
2021-04-18,1733.77,490.65857142857146,132.81,Italy
2021-04-25,1544.37,426.30571428571426,120.01,Italy
2021-05-02,1444.17,373.61428571428576,102.22,Italy
2021-05-09,1128.9,326.07,82.07,Italy
2021-05-16,846.26,264.89428571428573,60.16,Italy
2021-05-23,583.97,204.4157142857143,41.89,Italy
2021-05-30,417.06,150.99714285714285,29.56,Italy
2021-06-06,286.79,111.64571428571428,22.38,Italy
2021-06-13,223.57,81.48,16.92,Italy
2021-06-20,144.47,56.94285714285714,11.33,Italy
2021-06-27,87.12,40.11,8.94,Italy
2021-07-04,87.59,30.005714285714284,7.89,Italy
2021-07-11,123.68,23.51142857142857,9.1,Italy
2021-07-18,242.32,21.552857142857142,12.7,Italy
2021-07-25,475.37,24.18857142857143,21.58,Italy
2021-08-01,626.56,32.78285714285715,26.66,Italy
2021-08-08,681.93,44.75571428571429,33.59,Italy
2021-08-15,743.45,56.48571428571428,39.09,Italy
2021-08-22,732.7,68.49285714285715,42.19,Italy
2021-08-29,764.87,77.29285714285713,43.82,Italy
2021-09-05,701.69,80.87,39.13,Italy
2021-09-12,597.51,80.76428571428572,36.1,Italy
2021-09-19,512.02,77.79285714285713,30.61,Italy
2021-09-26,418.32,71.04428571428572,24.44,Italy
2021-10-03,366.53,62.22428571428571,21.43,Italy
2021-10-10,318.2,54.64714285714285,18.24,Italy
2021-10-17,292.29,48.67,18.07,Italy
2021-10-24,368.98,47.357142857142854,23.85,Italy
2021-10-31,502.82,50.644285714285715,28.47,Italy
2021-11-07,583.45,58.410000000000004,32.93,Italy
2021-11-14,843.2,66.68714285714285,38.89,Italy
2021-11-21,1064.84,77.80571428571429,46.48,Italy
2021-11-28,1323.57,89.76714285714286,53.0,Italy
2021-12-05,1663.58,102.18714285714285,59.47,Italy
2021-12-12,1882.5,120.24571428571429,70.23,Italy
2021-12-19,2659.33,140.18142857142857,82.05,Italy
2021-12-26,4320.41,164.30714285714288,103.8,Italy
2022-01-02,10812.04,203.2242857142857,149.68,Italy
2022-01-09,17012.37,261.0757142857143,194.16,Italy
2022-01-16,21270.92,327.0042857142857,189.47,Italy
2022-01-23,20660.17,358.7914285714286,187.78,Italy
2022-01-30,17447.16,363.68857142857144,167.78,Italy
2022-02-06,12100.45,351.2742857142857,145.99,Italy
2022-02-13,8563.31,316.1228571428572,117.55,Italy
2022-02-20,6280.59,264.32714285714286,93.26,Italy
2022-02-27,5114.25,219.29,74.63,Italy
2022-03-06,4319.81,175.56142857142854,68.99,Italy
2022-03-13,5583.86,153.3342857142857,70.7,Italy
2022-03-20,8001.65,150.70714285714286,83.95,Italy
2022-03-27,8452.52,159.84428571428572,89.98,Italy
2022-04-03,8163.41,175.03,92.14,Italy
2022-04-10,7503.0,179.48000000000002,88.38,Italy
2022-04-17,7073.35,177.49142857142857,85.03,Italy
2022-04-24,7034.22,177.54999999999998,82.66,Italy
2022-05-01,6440.74,176.20714285714286,75.1,Italy
2022-05-08,5108.65,163.74285714285716,66.36,Italy
2022-05-15,4400.84,143.7214285714286,59.45,Italy
2022-05-22,3339.8,124.35000000000001,48.43,Italy
2022-05-29,2423.35,102.45857142857143,40.38,Italy
2022-06-05,1957.59,84.64,35.89,Italy
2022-06-12,2408.86,75.21857142857142,39.6,Italy
2022-06-19,3536.45,75.78571428571429,53.39,Italy
2022-06-26,5703.07,89.53714285714285,69.97,Italy
2022-07-03,8571.7,115.28,94.06,Italy
2022-07-10,11103.56,148.36285714285714,109.0,Italy
2022-07-17,12058.64,177.15,109.27,Italy
2022-07-24,8912.02,192.22,104.76,Italy
2022-07-31,6618.4,191.0142857142857,85.59,Italy
2022-08-07,4763.54,170.42285714285714,69.48,Italy
2022-08-14,3242.33,146.07285714285715,55.52,Italy
2022-08-21,2531.44,123.64571428571428,46.82,Italy
2022-08-28,2647.88,106.13142857142857,41.67,Italy
2022-09-04,2284.69,88.51857142857143,37.18,Italy
2022-09-11,1855.85,74.08,33.16,Italy
2022-09-18,1899.02,64.81,32.47,Italy
2022-09-25,2279.08,59.65,35.67,Italy
2022-10-02,3615.18,68.23,54.98,Italy
2022-10-09,4712.36,90.52428571428571,66.96,Italy
2022-10-16,4838.25,112.73,71.99,Italy
2022-10-23,4239.87,123.01857142857143,68.46,Italy
2022-10-30,3497.22,120.88714285714286,61.27,Italy
2022-11-06,2784.16,115.22285714285714,59.71,Italy
2022-11-13,3038.98,112.17714285714285,63.54,Italy
2022-11-20,3707.08,122.27,75.73,Italy
2022-11-27,3831.96,133.98714285714286,79.75,Italy
2022-12-04,3820.79,147.62714285714284,85.25,Italy
2022-12-11,3328.35,161.50428571428571,87.35,Italy
2022-12-18,2921.66,165.05857142857144,78.36,Italy
2022-12-25,2221.22,152.71714285714285,71.11,Italy
2023-01-01,2219.56,143.97714285714284,66.26,Italy
2023-01-08,1816.73,135.35999999999999,55.91,Italy
2023-01-15,1337.58,114.22142857142856,46.28,Italy
2023-01-22,791.52,89.55142857142857,33.69,Italy
2023-01-29,615.94,72.80714285714285,29.39,Italy
2023-02-05,549.34,65.35,29.15,Italy
2023-02-12,491.22,61.46,25.98,Italy
2023-02-19,488.87,57.91857142857143,26.73,Italy
2023-02-26,489.39,58.465714285714284,27.68,Italy
2023-03-05,421.56,57.43,24.46,Italy
2023-03-12,405.06,52.57,23.16,Italy
2023-03-19,386.47,47.98857142857143,22.19,Italy
2023-03-26,380.16,45.527142857142856,24.07,Italy
2023-04-02,352.22,44.34285714285714,22.76,Italy
2023-04-09,333.9,42.98857142857143,24.41,Italy
2023-04-16,415.07,45.82285714285714,28.9,Italy
2023-04-23,447.16,50.37285714285714,29.15,Italy
2023-04-30,386.62,51.59571428571428,27.59,Italy
2023-05-07,333.68,49.644285714285715,21.12,Italy
2023-05-14,286.99,44.94571428571429,16.62,Italy
2023-05-21,237.56,39.529999999999994,14.77,Italy
2023-05-28,253.88,35.529999999999994,14.48,Italy
2023-06-04,184.22,31.282857142857146,11.11,Italy
2023-06-11,159.36,25.87,8.64,Italy
2023-06-18,116.24,22.08285714285714,7.2,Italy
2023-06-25,88.76,18.818571428571428,5.96,Italy
2023-07-02,74.31,16.357142857142858,4.76,Italy
2023-07-09,59.31,14.70142857142857,4.17,Italy
2023-07-16,57.11,12.844285714285714,3.91,Italy
2023-07-23,59.91,12.542857142857143,4.44,Italy
2023-07-30,73.48,12.652857142857142,5.93,Italy
2023-08-06,106.54,14.267142857142858,6.81,Italy
2023-08-13,101.83,15.64,8.4,Italy
2023-08-20,129.0,17.791428571428572,12.06,Italy
2023-08-27,217.18,23.127142857142854,15.21,Italy
2023-09-03,287.04,28.104285714285716,19.21,Italy
2023-09-10,414.8,34.35857142857143,24.7,Italy
2023-09-17,582.48,42.462857142857146,27.44,Italy
2023-09-24,629.4,45.279999999999994,27.02,Italy
2023-10-01,667.6,48.28000000000001,31.47,Italy
2023-10-08,765.66,55.78857142857142,35.38,Italy
2023-10-15,640.25,62.207142857142856,33.49,Italy
2023-10-22,502.07,61.72714285714285,32.39,Italy
2023-10-29,477.03,61.69285714285714,33.79,Italy
2023-11-05,415.05,62.612857142857145,33.93,Italy
2023-11-12,522.32,63.94714285714286,40.65,Italy
2023-11-19,710.64,74.31857142857143,50.76,Italy
2023-11-26,832.99,86.16142857142857,59.56,Italy
2023-12-03,949.08,101.12857142857142,65.09,Italy
2023-12-10,910.41,117.71142857142857,65.31,Italy
2023-12-17,1112.06,131.15,65.08,Italy
2023-12-24,975.24,127.2042857142857,57.52,Italy
2023-12-31,593.9,118.31714285714285,46.53,Italy
2024-01-07,363.61,108.87142857142858,36.42,Italy
2024-01-14,211.68,86.02,24.41,Italy
2024-01-21,112.4,63.25714285714286,16.43,Italy
2024-01-28,70.77,46.528571428571425,10.77,Italy
2024-02-04,53.32,37.08571428571429,8.57,Italy
2024-02-11,41.31,30.67142857142857,6.49,Italy
2024-02-18,29.07,25.575714285714287,4.51,Italy
2024-02-25,21.02,22.62142857142857,4.01,Italy
2024-03-03,15.87,20.235714285714288,2.88,Italy
2024-03-10,12.82,18.951428571428572,3.05,Italy
2024-03-17,11.71,15.662857142857144,,Italy
2024-03-24,10.45,14.204285714285716,,Italy
2024-03-31,8.77,13.098571428571429,,Italy
2024-04-07,9.44,12.765714285714285,,Italy
2024-04-14,8.57,12.64,,Italy
2024-04-21,8.94,12.102857142857143,,Italy
2024-04-28,9.63,9.805714285714286,,Italy
2024-05-05,11.09,9.604285714285714,,Italy
2024-05-12,12.95,9.687142857142858,,Italy
2024-05-19,13.9,9.997142857142858,,Italy
2024-05-26,15.92,10.054285714285713,,Italy
2024-06-02,21.24,10.48857142857143,,Italy
2024-06-09,26.55,10.59142857142857,,Italy
2024-06-16,32.62,11.387142857142857,,Italy
2024-06-23,41.46,12.774285714285714,,Italy
2024-06-30,55.02,13.482857142857142,,Italy
2024-07-07,78.16,15.252857142857142,,Italy
2024-07-14,132.83,17.841428571428573,,Italy
2024-07-21,193.18,21.694285714285716,,Italy
2024-07-28,262.92,27.167142857142856,,Italy
2024-08-04,106.51,32.42714285714286,,Italy
2024-08-11,,,,Italy
2024-08-18,,,,Italy
2020-01-05,,,,Malaysia
2020-01-12,0.0,,,Malaysia
2020-01-19,0.0,,,Malaysia
2020-01-26,0.12,,,Malaysia
2020-02-02,0.12,,,Malaysia
2020-02-09,0.23,,,Malaysia
2020-02-16,0.17,,,Malaysia
2020-02-23,0.0,,,Malaysia
2020-03-01,0.09,,,Malaysia
2020-03-08,1.96,,,Malaysia
2020-03-15,4.18,,,Malaysia
2020-03-22,27.24,,,Malaysia
2020-03-29,32.77,,,Malaysia
2020-04-05,33.52,49.29714285714285,28.99,Malaysia
2020-04-12,30.18,43.14857142857143,30.08,Malaysia
2020-04-19,22.34,36.37714285714286,19.59,Malaysia
2020-04-26,12.6,30.172857142857143,12.26,Malaysia
2020-05-03,12.51,23.50142857142857,9.52,Malaysia
2020-05-10,11.9,19.18285714285714,6.86,Malaysia
2020-05-17,8.16,16.045714285714286,6.13,Malaysia
2020-05-24,9.02,12.367142857142856,4.07,Malaysia
2020-05-31,16.63,10.14857142857143,7.13,Malaysia
2020-06-07,15.59,9.218571428571428,6.54,Malaysia
2020-06-14,4.09,7.378571428571428,4.16,Malaysia
2020-06-21,3.2,6.3428571428571425,2.74,Malaysia
2020-06-28,1.73,4.432857142857143,1.53,Malaysia
2020-07-05,1.21,2.1742857142857144,0.8,Malaysia
2020-07-12,1.33,1.33,1.0,Malaysia
2020-07-19,1.73,1.7257142857142858,1.68,Malaysia
2020-07-26,3.46,2.2485714285714287,3.21,Malaysia
2020-08-02,2.91,2.94,2.95,Malaysia
2020-08-09,2.45,3.107142857142857,1.97,Malaysia
2020-08-16,3.03,3.1714285714285713,2.92,Malaysia
2020-08-23,2.36,3.9957142857142856,1.97,Malaysia
2020-08-30,1.73,3.7271428571428573,2.12,Malaysia
2020-09-06,2.13,2.9728571428571433,2.03,Malaysia
2020-09-13,13.75,5.902857142857143,7.63,Malaysia
2020-09-20,8.62,7.791428571428571,8.22,Malaysia
2020-09-27,17.35,6.5371428571428565,5.72,Malaysia
2020-10-04,38.02,11.827142857142857,21.01,Malaysia
2020-10-11,86.7,24.835714285714285,37.8,Malaysia
2020-10-18,130.59,35.66428571428572,54.95,Malaysia
2020-10-25,176.25,40.894285714285715,67.53,Malaysia
2020-11-01,167.34,47.934285714285714,60.61,Malaysia
2020-11-08,225.07,48.48285714285714,72.4,Malaysia
2020-11-15,197.49,63.26,84.3,Malaysia
2020-11-22,215.3,73.42428571428572,87.66,Malaysia
2020-11-29,273.72,83.9342857142857,109.82,Malaysia
2020-12-06,235.85,83.89571428571428,102.92,Malaysia
2020-12-13,313.79,79.30714285714285,90.78,Malaysia
2020-12-20,280.24,74.39142857142858,88.93,Malaysia
2020-12-27,343.88,72.55142857142857,92.05,Malaysia
2021-01-03,437.43,87.28857142857143,129.97,Malaysia
2021-01-10,487.53,100.74285714285715,144.12,Malaysia
2021-01-17,646.83,117.75999999999999,186.69,Malaysia
2021-01-24,731.13,129.10999999999999,177.14,Malaysia
2021-01-31,898.04,129.7657142857143,160.94,Malaysia
2021-02-07,792.41,113.42428571428572,150.13,Malaysia
2021-02-14,628.81,95.23285714285714,111.2,Malaysia
2021-02-21,556.27,81.68571428571428,106.55,Malaysia
2021-02-28,495.25,73.6842857142857,89.49,Malaysia
2021-03-07,366.27,62.19714285714286,82.5,Malaysia
2021-03-14,296.96,53.027142857142856,74.84,Malaysia
2021-03-21,267.38,50.42714285714286,76.93,Malaysia
2021-03-28,256.63,55.82857142857143,81.41,Malaysia
2021-04-04,259.83,53.49571428571429,77.64,Malaysia
2021-04-11,285.25,56.48142857142857,100.98,Malaysia
2021-04-18,409.22,66.98,134.72,Malaysia
2021-04-25,515.57,75.24428571428572,143.02,Malaysia
2021-05-02,636.11,87.87285714285714,189.4,Malaysia
2021-05-09,739.72,111.79571428571428,205.79,Malaysia
2021-05-16,848.32,139.34428571428572,231.13,Malaysia
2021-05-23,1209.98,171.93428571428572,269.99,Malaysia
2021-05-30,1540.32,216.12428571428572,308.41,Malaysia
2021-06-06,1478.06,221.87285714285716,295.24,Malaysia
2021-06-13,1172.86,208.03142857142856,268.99,Malaysia
2021-06-20,1121.18,197.96428571428572,271.2,Malaysia
2021-06-27,1084.87,194.7357142857143,267.25,Malaysia
2021-07-04,1285.58,213.12714285714284,266.72,Malaysia
2021-07-11,1661.43,242.16285714285712,294.03,Malaysia
2021-07-18,2313.41,282.93285714285713,333.61,Malaysia
2021-07-25,2792.21,337.2342857142857,378.28,Malaysia
2021-08-01,3371.73,378.1657142857143,424.89,Malaysia
2021-08-08,3807.93,410.1242857142857,470.24,Malaysia
2021-08-15,4103.1,421.5385714285714,480.28,Malaysia
2021-08-22,4328.92,418.42285714285714,451.26,Malaysia
2021-08-29,4352.03,390.26000000000005,447.4,Malaysia
2021-09-05,3998.96,365.1885714285714,403.94,Malaysia
2021-09-12,3887.05,343.9857142857143,418.23,Malaysia
2021-09-19,3404.82,312.10857142857145,336.38,Malaysia
2021-09-26,2893.89,266.5885714285714,289.97,Malaysia
2021-10-03,2286.46,225.15857142857143,246.8,Malaysia
2021-10-10,1787.81,197.95,215.1,Malaysia
2021-10-17,1472.61,179.5957142857143,206.17,Malaysia
2021-10-24,1182.55,157.61142857142858,171.9,Malaysia
2021-10-31,1150.76,144.05857142857144,140.43,Malaysia
2021-11-07,999.18,132.7657142857143,129.12,Malaysia
2021-11-14,1152.89,132.7242857142857,138.19,Malaysia
2021-11-21,1161.3,135.27142857142857,133.77,Malaysia
2021-11-28,1072.62,127.91999999999999,127.17,Malaysia
2021-12-05,1007.51,116.66571428571429,116.98,Malaysia
2021-12-12,947.3,109.11714285714285,109.82,Malaysia
2021-12-19,787.31,97.16142857142857,92.26,Malaysia
2021-12-26,640.54,80.41,77.4,Malaysia
2022-01-02,667.95,77.52857142857144,75.78,Malaysia
2022-01-09,630.2,74.85857142857142,74.64,Malaysia
2022-01-16,637.78,71.05285714285715,64.65,Malaysia
2022-01-23,708.97,56.701428571428565,63.32,Malaysia
2022-01-30,952.26,57.715714285714284,77.08,Malaysia
2022-02-06,1390.27,72.58428571428571,101.48,Malaysia
2022-02-13,3632.03,119.75142857142858,194.56,Malaysia
2022-02-20,5229.64,167.03714285714287,293.06,Malaysia
2022-02-27,5705.52,190.81428571428572,337.61,Malaysia
2022-03-06,5850.07,205.64714285714285,381.99,Malaysia
2022-03-13,5792.22,221.12142857142857,398.93,Malaysia
2022-03-20,4886.89,195.8814285714286,326.71,Malaysia
2022-03-27,4200.63,150.1357142857143,239.23,Malaysia
2022-04-03,3101.27,106.30857142857143,160.73,Malaysia
2022-04-10,2287.07,73.42285714285715,104.78,Malaysia
2022-04-17,1821.76,52.13142857142857,75.37,Malaysia
2022-04-24,1211.92,35.26428571428571,47.79,Malaysia
2022-05-01,531.31,23.457142857142856,28.99,Malaysia
2022-05-08,270.41,15.054285714285713,21.92,Malaysia
2022-05-15,554.05,18.777142857142856,31.38,Malaysia
2022-05-22,380.68,15.535714285714286,23.22,Malaysia
2022-05-29,357.8,13.327142857142858,17.94,Malaysia
2022-06-05,324.39,11.015714285714285,20.04,Malaysia
2022-06-12,325.95,11.847142857142858,22.72,Malaysia
2022-06-19,412.56,13.882857142857144,25.34,Malaysia
2022-06-26,462.65,15.407142857142857,31.03,Malaysia
2022-07-03,423.43,21.497142857142855,39.81,Malaysia
2022-07-10,615.5,22.45,43.84,Malaysia
2022-07-17,758.46,28.482857142857142,60.37,Malaysia
2022-07-24,861.96,33.214285714285715,69.54,Malaysia
2022-07-31,816.79,36.68571428571429,68.8,Malaysia
2022-08-07,822.99,35.85285714285714,72.69,Malaysia
2022-08-14,768.92,37.941428571428574,74.05,Malaysia
2022-08-21,656.74,34.50142857142857,66.24,Malaysia
2022-08-28,539.41,30.72714285714286,56.96,Malaysia
2022-09-04,448.16,28.53,52.95,Malaysia
2022-09-11,405.59,28.462857142857143,54.33,Malaysia
2022-09-18,392.76,26.728571428571428,50.36,Malaysia
2022-09-25,373.62,24.827142857142857,46.56,Malaysia
2022-10-02,354.25,22.50142857142857,40.4,Malaysia
2022-10-09,317.56,20.465714285714284,38.98,Malaysia
2022-10-16,344.63,20.835714285714285,42.61,Malaysia
2022-10-23,418.64,23.740000000000002,47.26,Malaysia
2022-10-30,482.77,28.768571428571427,61.41,Malaysia
2022-11-06,771.94,37.18571428571429,81.21,Malaysia
2022-11-13,664.21,43.52428571428572,96.09,Malaysia
2022-11-20,550.01,47.74285714285714,103.25,Malaysia
2022-11-27,536.27,49.08142857142857,106.64,Malaysia
2022-12-04,419.59,43.964285714285715,80.26,Malaysia
2022-12-11,315.23,32.64,57.28,Malaysia
2022-12-18,208.93,23.78857142857143,41.96,Malaysia
2022-12-25,181.29,17.582857142857144,35.12,Malaysia
2023-01-01,97.16,13.56142857142857,24.16,Malaysia
2023-01-08,93.12,11.132857142857144,20.74,Malaysia
2023-01-15,72.78,8.35,12.26,Malaysia
2023-01-22,60.18,5.467142857142856,10.67,Malaysia
2023-01-29,38.91,4.8100000000000005,11.96,Malaysia
2023-02-05,55.14,4.87,9.28,Malaysia
2023-02-12,44.44,4.258571428571428,8.34,Malaysia
2023-02-19,43.09,3.4614285714285713,7.6,Malaysia
2023-02-26,39.4,3.317142857142857,7.37,Malaysia
2023-03-05,41.45,3.5385714285714287,7.13,Malaysia
2023-03-12,45.14,3.8814285714285717,9.49,Malaysia
2023-03-19,53.26,5.257142857142858,11.49,Malaysia
2023-03-26,64.22,4.898571428571429,10.2,Malaysia
2023-04-02,88.46,6.587142857142857,16.85,Malaysia
2023-04-09,131.83,8.654285714285715,20.39,Malaysia
2023-04-16,123.01,11.498571428571427,27.61,Malaysia
2023-04-23,164.23,10.554285714285713,24.49,Malaysia
2023-04-30,138.84,16.05,39.63,Malaysia
2023-05-07,4.21,22.254285714285714,48.38,Malaysia
2023-05-14,218.93,19.632857142857144,41.99,Malaysia
2023-05-21,351.89,15.755714285714285,34.27,Malaysia
2023-05-28,185.59,12.884285714285713,29.02,Malaysia
2023-06-04,167.2,12.22857142857143,21.98,Malaysia
2023-06-11,130.36,9.430000000000001,20.01,Malaysia
2023-06-18,21.9,9.331428571428571,16.18,Malaysia
2023-06-25,98.95,6.961428571428572,12.58,Malaysia
2023-07-02,0.0,6.405714285714287,9.64,Malaysia
2023-07-09,77.76,6.468571428571429,7.84,Malaysia
2023-07-16,44.62,3.077142857142857,7.31,Malaysia
2023-07-23,35.22,3.1142857142857143,4.42,Malaysia
2023-07-30,34.64,2.1599999999999997,5.1,Malaysia
2023-08-06,27.61,3.2471428571428573,3.77,Malaysia
2023-08-13,26.92,1.5271428571428571,2.83,Malaysia
2023-08-20,20.03,0.9042857142857142,2.15,Malaysia
2023-08-27,20.46,1.1414285714285715,2.98,Malaysia
2023-09-03,35.54,1.3757142857142857,3.36,Malaysia
2023-09-10,19.6,1.94,4.1,Malaysia
2023-09-17,20.98,1.3885714285714283,3.48,Malaysia
2023-09-24,19.92,5.75,3.12,Malaysia
2023-10-01,22.57,1.3714285714285714,7.34,Malaysia
2023-10-08,26.89,1.4285714285714286,3.04,Malaysia
2023-10-15,30.32,1.7857142857142858,5.01,Malaysia
2023-10-22,32.63,2.244285714285714,4.27,Malaysia
2023-10-29,38.59,2.5357142857142856,6.6,Malaysia
2023-11-05,48.77,2.954285714285714,6.63,Malaysia
2023-11-12,51.91,4.214285714285714,8.07,Malaysia
2023-11-19,66.44,,10.37,Malaysia
2023-11-26,104.51,10.299999999999999,14.64,Malaysia
2023-12-03,195.88,7.401428571428572,18.98,Malaysia
2023-12-10,367.68,10.028571428571428,29.67,Malaysia
2023-12-17,596.5,15.437142857142858,42.46,Malaysia
2023-12-24,746.84,27.662857142857142,72.28,Malaysia
2023-12-31,593.68,26.240000000000002,65.27,Malaysia
2024-01-07,0.0,22.202857142857145,54.39,Malaysia
2024-01-14,855.64,14.85,34.95,Malaysia
2024-01-21,240.9,9.702857142857143,22.48,Malaysia
2024-01-28,132.58,5.938571428571429,13.58,Malaysia
2024-02-04,73.5,3.738571428571429,8.25,Malaysia
2024-02-11,42.63,2.2528571428571427,4.51,Malaysia
2024-02-18,22.77,1.237142857142857,4.77,Malaysia
2024-02-25,25.39,0.8357142857142856,2.24,Malaysia
2024-03-03,18.59,0.9514285714285714,1.21,Malaysia
2024-03-10,16.37,,1.56,Malaysia
2024-03-17,17.09,3.275714285714286,1.0,Malaysia
2024-03-24,14.76,3.9642857142857144,1.53,Malaysia
2024-03-31,12.13,,,Malaysia
2024-04-07,14.21,0.6514285714285714,0.88,Malaysia
2024-04-14,7.09,0.3442857142857143,0.97,Malaysia
2024-04-21,20.46,0.7257142857142858,4.07,Malaysia
2024-04-28,21.16,0.8928571428571429,2.0,Malaysia
2024-05-05,21.16,0.59,1.5,Malaysia
2024-05-12,30.87,1.1442857142857144,8.49,Malaysia
2024-05-19,35.45,2.1928571428571426,2.74,Malaysia
2024-05-26,39.43,1.7057142857142857,3.54,Malaysia
2024-06-02,51.3,1.1457142857142857,3.51,Malaysia
2024-06-09,59.63,2.067142857142857,4.98,Malaysia
2024-06-16,82.86,1.8028571428571427,5.57,Malaysia
2024-06-23,81.31,2.185714285714286,5.86,Malaysia
2024-06-30,109.81,2.6514285714285712,7.54,Malaysia
2024-07-07,105.78,2.5242857142857145,7.4,Malaysia
2024-07-14,81.65,2.032857142857143,6.25,Malaysia
2024-07-21,57.18,3.481428571428571,4.92,Malaysia
2024-07-28,42.97,1.6171428571428572,4.57,Malaysia
2024-08-04,31.27,1.1657142857142857,3.21,Malaysia
2024-08-11,,,,Malaysia
2024-08-18,,,,Malaysia
2020-01-05,,,,Netherlands
2020-01-12,0.0,,,Netherlands
2020-01-19,0.0,,,Netherlands
2020-01-26,0.0,,,Netherlands
2020-02-02,0.0,,,Netherlands
2020-02-09,0.0,,,Netherlands
2020-02-16,0.0,,,Netherlands
2020-02-23,0.0,,,Netherlands
2020-03-01,1.06,,,Netherlands
2020-03-08,17.37,,,Netherlands
2020-03-15,71.27,,,Netherlands
2020-03-22,210.84,,,Netherlands
2020-03-29,376.83,,,Netherlands
2020-04-05,399.96,,,Netherlands
2020-04-12,444.08,,,Netherlands
2020-04-19,372.59,,,Netherlands
2020-04-26,254.07,,,Netherlands
2020-05-03,139.35,,,Netherlands
2020-05-10,98.97,,,Netherlands
2020-05-17,74.12,,,Netherlands
2020-05-24,73.22,,,Netherlands
2020-05-31,62.72,,,Netherlands
2020-06-07,68.47,,,Netherlands
2020-06-14,61.72,,,Netherlands
2020-06-21,38.93,,,Netherlands
2020-06-28,30.1,,,Netherlands
2020-07-05,24.3,,,Netherlands
2020-07-12,28.04,,,Netherlands
2020-07-19,53.67,,,Netherlands
2020-07-26,72.5,,,Netherlands
2020-08-02,142.81,,,Netherlands
2020-08-09,215.64,,,Netherlands
2020-08-16,224.69,,,Netherlands
2020-08-23,204.2,,,Netherlands
2020-08-30,203.86,,,Netherlands
2020-09-06,297.08,,,Netherlands
2020-09-13,462.46,,,Netherlands
2020-09-20,771.15,,,Netherlands
2020-09-27,1051.3,,,Netherlands
2020-10-04,1510.69,,,Netherlands
2020-10-11,2389.91,,,Netherlands
2020-10-18,3126.43,,,Netherlands
2020-10-25,3762.65,,,Netherlands
2020-11-01,3506.68,,,Netherlands
2020-11-08,2454.37,,,Netherlands
2020-11-15,2117.58,,,Netherlands
2020-11-22,2042.4,,,Netherlands
2020-11-29,1877.08,,,Netherlands
2020-12-06,2357.07,,,Netherlands
2020-12-13,3400.84,,,Netherlands
2020-12-20,4361.38,,,Netherlands
2020-12-27,3730.31,,,Netherlands
2021-01-03,3125.21,,,Netherlands
2021-01-10,2806.57,99.63714285714286,95.94,Netherlands
2021-01-17,2191.02,84.74428571428572,84.6,Netherlands
2021-01-24,1973.2,76.65857142857143,82.38,Netherlands
2021-01-31,1618.6,73.41285714285713,74.53,Netherlands
2021-02-07,1446.07,67.67857142857143,69.12,Netherlands
2021-02-14,1363.41,61.94428571428572,64.51,Netherlands
2021-02-21,1610.5,62.277142857142856,69.06,Netherlands
2021-02-28,1756.05,60.96,68.26,Netherlands
2021-03-07,1764.37,61.88857142857143,69.29,Netherlands
2021-03-14,2162.09,61.68428571428571,79.88,Netherlands
2021-03-21,2535.57,67.58142857142857,85.4,Netherlands
2021-03-28,2872.31,74.53571428571429,93.09,Netherlands
2021-04-04,2685.93,78.89428571428572,97.36,Netherlands
2021-04-11,2804.84,81.97,99.64,Netherlands
2021-04-18,2997.14,79.78142857142858,96.11,Netherlands
2021-04-25,3133.92,83.05285714285715,103.45,Netherlands
2021-05-02,2862.87,86.08714285714287,103.62,Netherlands
2021-05-09,2625.11,80.07428571428571,92.58,Netherlands
2021-05-16,2002.24,69.81714285714285,76.86,Netherlands
2021-05-23,1481.92,54.951428571428565,55.8,Netherlands
2021-05-30,1144.24,38.67428571428571,35.3,Netherlands
2021-06-06,844.54,26.417142857142856,26.25,Netherlands
2021-06-13,510.99,16.354285714285716,17.76,Netherlands
2021-06-20,333.44,9.799999999999999,12.58,Netherlands
2021-06-27,237.6,5.751428571428571,6.04,Netherlands
2021-07-04,400.52,3.107142857142857,3.59,Netherlands
2021-07-11,2767.86,2.277142857142857,3.87,Netherlands
2021-07-18,3878.99,6.028571428571429,12.64,Netherlands
2021-07-25,2164.16,15.870000000000001,27.1,Netherlands
2021-08-01,1248.24,23.677142857142858,32.57,Netherlands
2021-08-08,964.06,23.139999999999997,27.33,Netherlands
2021-08-15,927.09,20.935714285714287,25.28,Netherlands
2021-08-22,942.9,21.237142857142857,24.99,Netherlands
2021-08-29,981.99,19.657142857142855,25.16,Netherlands
2021-09-05,978.25,20.259999999999998,25.73,Netherlands
2021-09-12,904.19,19.895714285714288,22.03,Netherlands
2021-09-19,761.54,16.634285714285713,18.16,Netherlands
2021-09-26,649.73,13.055714285714286,13.61,Netherlands
2021-10-03,663.02,12.06857142857143,14.23,Netherlands
2021-10-10,965.18,14.20142857142857,18.84,Netherlands
2021-10-17,1413.62,17.16,21.81,Netherlands
2021-10-24,2110.04,23.84857142857143,34.62,Netherlands
2021-10-31,2988.7,37.01571428571429,50.5,Netherlands
2021-11-07,4236.72,54.379999999999995,66.22,Netherlands
2021-11-14,6406.02,68.71142857142857,79.25,Netherlands
2021-11-21,8604.86,85.98714285714286,103.91,Netherlands
2021-11-28,8631.83,102.25999999999999,119.62,Netherlands
2021-12-05,8092.25,104.08428571428571,115.41,Netherlands
2021-12-12,6488.45,101.50714285714285,110.0,Netherlands
2021-12-19,5340.52,85.71857142857142,79.54,Netherlands
2021-12-26,4746.65,69.29714285714286,64.11,Netherlands
2022-01-02,6117.09,54.65714285714286,58.76,Netherlands
2022-01-09,11276.04,46.15,50.27,Netherlands
2022-01-16,14068.31,38.544285714285714,44.41,Netherlands
2022-01-23,23677.5,33.00571428571429,43.04,Netherlands
2022-01-30,32536.38,37.44571428571429,57.39,Netherlands
2022-02-06,34980.3,49.52571428571429,70.48,Netherlands
2022-02-13,28690.73,57.23285714285714,73.96,Netherlands
2022-02-20,18248.23,59.00714285714286,69.8,Netherlands
2022-02-27,13596.92,55.09571428571429,58.02,Netherlands
2022-03-06,22813.47,49.31285714285714,59.5,Netherlands
2022-03-13,25030.58,63.605714285714285,85.46,Netherlands
2022-03-20,18100.28,77.71571428571428,93.26,Netherlands
2022-03-27,12938.98,77.46285714285715,88.99,Netherlands
2022-04-03,8109.73,72.38,74.81,Netherlands
2022-04-10,4116.69,55.69,57.33,Netherlands
2022-04-17,1579.11,,,Netherlands
2022-04-24,923.18,,,Netherlands
2022-05-01,577.57,,,Netherlands
2022-05-08,568.85,,,Netherlands
2022-05-15,471.06,,,Netherlands
2022-05-22,422.3,,,Netherlands
2022-05-29,382.03,,,Netherlands
2022-06-05,523.22,,,Netherlands
2022-06-12,791.09,,,Netherlands
2022-06-19,1379.77,,,Netherlands
2022-06-26,1871.44,,,Netherlands
2022-07-03,2144.0,,,Netherlands
2022-07-10,2387.85,,,Netherlands
2022-07-17,2275.64,,,Netherlands
2022-07-24,1580.28,,,Netherlands
2022-07-31,1267.4,,,Netherlands
2022-08-07,885.59,,,Netherlands
2022-08-14,657.94,,,Netherlands
2022-08-21,519.54,,,Netherlands
2022-08-28,433.52,,,Netherlands
2022-09-04,428.83,,,Netherlands
2022-09-11,466.09,,,Netherlands
2022-09-18,482.9,,,Netherlands
2022-09-25,644.37,,,Netherlands
2022-10-02,1021.87,,,Netherlands
2022-10-09,1336.93,,,Netherlands
2022-10-16,1265.39,,,Netherlands
2022-10-23,1028.35,,,Netherlands
2022-10-30,710.77,,,Netherlands
2022-11-06,459.66,,,Netherlands
2022-11-13,343.27,,,Netherlands
2022-11-20,306.18,,,Netherlands
2022-11-27,286.58,,,Netherlands
2022-12-04,309.03,,,Netherlands
2022-12-11,318.75,,,Netherlands
2022-12-18,340.31,,,Netherlands
2022-12-25,409.34,,,Netherlands
2023-01-01,324.22,,,Netherlands
2023-01-08,245.14,,,Netherlands
2023-01-15,135.94,,,Netherlands
2023-01-22,97.96,,,Netherlands
2023-01-29,105.67,,,Netherlands
2023-02-05,137.12,,,Netherlands
2023-02-12,159.23,,,Netherlands
2023-02-19,220.56,,,Netherlands
2023-02-26,258.43,,,Netherlands
2023-03-05,231.95,,,Netherlands
2023-03-12,215.59,,,Netherlands
2023-03-19,157.45,,,Netherlands
2023-03-26,104.11,,,Netherlands
2023-04-02,82.05,,,Netherlands
2023-04-09,60.82,,,Netherlands
2023-04-16,52.84,,,Netherlands
2023-04-23,46.69,,,Netherlands
2023-04-30,34.74,,,Netherlands
2023-05-07,33.01,,,Netherlands
2023-05-14,24.91,,,Netherlands
2023-05-21,16.53,,,Netherlands
2023-05-28,15.08,,,Netherlands
2023-06-04,15.97,,,Netherlands
2023-06-11,10.89,,,Netherlands
2023-06-18,9.16,,,Netherlands
2023-06-25,6.37,,,Netherlands
2023-07-02,7.04,,,Netherlands
2023-07-09,4.13,,,Netherlands
2023-07-16,4.64,,,Netherlands
2023-07-23,5.92,,,Netherlands
2023-07-30,4.92,,,Netherlands
2023-08-06,7.15,,,Netherlands
2023-08-13,9.94,,,Netherlands
2023-08-20,11.17,,,Netherlands
2023-08-27,16.03,,,Netherlands
2023-09-03,14.47,,,Netherlands
2023-09-10,19.77,,,Netherlands
2023-09-17,21.95,,,Netherlands
2023-09-24,22.51,,,Netherlands
2023-10-01,19.27,,,Netherlands
2023-10-08,24.46,,,Netherlands
2023-10-15,19.32,,,Netherlands
2023-10-22,0.0,,,Netherlands
2023-10-29,0.0,,,Netherlands
2023-11-05,51.38,,,Netherlands
2023-11-12,50.43,,,Netherlands
2023-11-19,49.76,,,Netherlands
2023-11-26,51.22,,,Netherlands
2023-12-03,61.72,,,Netherlands
2023-12-10,86.91,,,Netherlands
2023-12-17,100.14,,,Netherlands
2023-12-24,90.98,,,Netherlands
2023-12-31,70.65,,,Netherlands
2024-01-07,57.75,,,Netherlands
2024-01-14,43.62,,,Netherlands
2024-01-21,34.57,,,Netherlands
2024-01-28,32.9,,,Netherlands
2024-02-04,28.54,,,Netherlands
2024-02-11,20.55,,,Netherlands
2024-02-18,17.65,,,Netherlands
2024-02-25,13.8,,,Netherlands
2024-03-03,10.72,,,Netherlands
2024-03-10,7.93,,,Netherlands
2024-03-17,6.26,,,Netherlands
2024-03-24,5.03,,,Netherlands
2024-03-31,6.87,,,Netherlands
2024-04-07,4.24,,,Netherlands
2024-04-14,3.46,,,Netherlands
2024-04-21,3.3,,,Netherlands
2024-04-28,4.02,,,Netherlands
2024-05-05,3.8,,,Netherlands
2024-05-12,4.36,,,Netherlands
2024-05-19,3.13,,,Netherlands
2024-05-26,3.85,,,Netherlands
2024-06-02,5.03,,,Netherlands
2024-06-09,5.64,,,Netherlands
2024-06-16,10.61,,,Netherlands
2024-06-23,18.32,,,Netherlands
2024-06-30,22.06,,,Netherlands
2024-07-07,19.49,,,Netherlands
2024-07-14,30.16,,,Netherlands
2024-07-21,27.26,,,Netherlands
2024-07-28,25.13,,,Netherlands
2024-08-04,21.39,,,Netherlands
2024-08-11,,,,Netherlands
2024-08-18,,,,Netherlands
2020-01-05,,,,Spain
2020-01-12,0.0,,,Spain
2020-01-19,0.04,,,Spain
2020-01-26,0.02,,,Spain
2020-02-02,0.04,,,Spain
2020-02-09,0.04,,,Spain
2020-02-16,0.08,,,Spain
2020-02-23,0.17,,,Spain
2020-03-01,2.7,,,Spain
2020-03-08,29.75,,,Spain
2020-03-15,242.6,,,Spain
2020-03-22,759.92,,,Spain
2020-03-29,1240.77,,,Spain
2020-04-05,928.38,,,Spain
2020-04-12,639.47,,,Spain
2020-04-19,444.3,,,Spain
2020-04-26,304.71,,,Spain
2020-05-03,169.34,,,Spain
2020-05-10,117.59,,,Spain
2020-05-17,112.86,,,Spain
2020-05-24,91.87,,,Spain
2020-05-31,79.83,,,Spain
2020-06-07,63.33,,,Spain
2020-06-14,49.34,,,Spain
2020-06-21,46.19,,,Spain
2020-06-28,49.2,,,Spain
2020-07-05,58.67,,,Spain
2020-07-12,101.74,,,Spain
2020-07-19,213.99,,,Spain
2020-07-26,303.31,,,Spain
2020-08-02,424.87,,,Spain
2020-08-09,591.72,55.324285714285715,60.54,Spain
2020-08-16,838.9,69.53285714285714,84.15,Spain
2020-08-23,1088.52,92.2242857142857,104.86,Spain
2020-08-30,1277.07,119.39714285714285,128.72,Spain
2020-09-06,1369.48,136.78285714285715,134.59,Spain
2020-09-13,1548.72,159.5742857142857,152.34,Spain
2020-09-20,1689.54,186.0742857142857,172.23,Spain
2020-09-27,1515.29,199.16285714285712,169.24,Spain
2020-10-04,1361.81,191.4,157.3,Spain
2020-10-11,1626.59,186.66714285714286,172.27,Spain
2020-10-18,1905.79,212.0957142857143,189.89,Spain
2020-10-25,2828.61,264.02714285714285,250.01,Spain
2020-11-01,3029.1,318.5157142857143,299.1,Spain
2020-11-08,2788.62,360.7642857142857,294.75,Spain
2020-11-15,2343.61,357.9342857142857,274.04,Spain
2020-11-22,1698.41,315.38,217.67,Spain
2020-11-29,1223.9,255.25285714285715,171.24,Spain
2020-12-06,1060.1,214.0,147.08,Spain
2020-12-13,1059.73,198.39714285714285,137.09,Spain
2020-12-20,1429.95,195.26714285714283,152.17,Spain
2020-12-27,1383.53,194.89000000000001,153.71,Spain
2021-01-03,2068.88,211.02714285714288,172.12,Spain
2021-01-10,3357.65,264.45142857142855,245.72,Spain
2021-01-17,4894.23,353.9028571428571,356.32,Spain
2021-01-24,5115.52,488.71000000000004,470.62,Spain
2021-01-31,4224.42,548.3928571428571,441.01,Spain
2021-02-07,2729.4,502.3314285714286,333.78,Spain
2021-02-14,1582.72,385.90857142857146,231.97,Spain
2021-02-21,1053.77,270.5214285714286,161.38,Spain
2021-02-28,814.08,197.37714285714284,134.44,Spain
2021-03-07,704.44,157.98428571428573,110.75,Spain
2021-03-14,680.02,137.6042857142857,104.86,Spain
2021-03-21,712.88,124.26714285714286,98.07,Spain
2021-03-28,895.58,124.3,108.33,Spain
2021-04-04,906.2,134.44,125.05,Spain
2021-04-11,1257.62,154.9257142857143,141.95,Spain
2021-04-18,1232.03,161.02857142857144,150.61,Spain
2021-04-25,1212.08,162.29,143.42,Spain
2021-05-02,1105.62,155.2757142857143,132.66,Spain
2021-05-09,876.28,137.16,108.81,Spain
2021-05-16,725.57,111.66428571428571,88.56,Spain
2021-05-23,675.77,87.58,69.51,Spain
2021-05-30,643.57,72.47285714285714,64.91,Spain
2021-06-06,591.47,63.42285714285714,55.57,Spain
2021-06-13,509.01,54.20428571428572,47.29,Spain
2021-06-20,493.43,44.221428571428575,38.58,Spain
2021-06-27,622.5,37.25428571428571,36.33,Spain
2021-07-04,1650.69,38.60285714285715,43.25,Spain
2021-07-11,2829.64,52.339999999999996,72.54,Spain
2021-07-18,3691.62,87.29142857142857,123.85,Spain
2021-07-25,3882.9,139.00571428571428,176.12,Spain
2021-08-01,3296.33,171.70428571428573,175.4,Spain
2021-08-08,2493.16,173.1357142857143,158.92,Spain
2021-08-15,1895.46,157.70714285714286,139.43,Spain
2021-08-22,1430.76,139.2342857142857,111.04,Spain
2021-08-29,1083.33,118.56428571428572,95.86,Spain
2021-09-05,714.51,100.52142857142857,70.65,Spain
2021-09-12,483.96,78.96285714285715,52.57,Spain
2021-09-19,371.89,60.387142857142855,40.71,Spain
2021-09-26,301.5,45.93714285714286,32.99,Spain
2021-10-03,252.67,37.69714285714286,27.84,Spain
2021-10-10,215.69,31.822857142857142,23.07,Spain
2021-10-17,221.25,29.080000000000002,21.89,Spain
2021-10-24,259.3,27.927142857142858,26.28,Spain
2021-10-31,280.17,26.002857142857145,24.31,Spain
2021-11-07,335.55,29.482857142857142,27.76,Spain
2021-11-14,531.86,32.67285714285715,32.67,Spain
2021-11-21,849.14,40.79571428571428,45.42,Spain
2021-11-28,1237.72,57.462857142857146,61.4,Spain
2021-12-05,1879.49,69.50857142857143,72.06,Spain
2021-12-12,2425.67,91.75714285714285,88.31,Spain
2021-12-19,4842.29,113.35142857142857,108.83,Spain
2021-12-26,10266.83,137.25857142857143,152.95,Spain
2022-01-02,16588.02,187.02428571428572,218.66,Spain
2022-01-09,18660.47,253.57,273.12,Spain
2022-01-16,19998.71,315.7871428571429,309.98,Spain
2022-01-23,17717.28,346.18,308.27,Spain
2022-01-30,13082.75,342.96714285714285,280.05,Spain
2022-02-06,8023.85,308.30285714285714,222.8,Spain
2022-02-13,5121.0,244.9257142857143,166.74,Spain
2022-02-20,3322.82,183.07571428571427,120.86,Spain
2022-02-27,2466.0,134.78714285714287,85.05,Spain
2022-03-06,2326.8,104.01142857142858,72.58,Spain
2022-03-13,2312.83,87.72714285714287,65.83,Spain
2022-03-20,2481.16,84.33857142857143,68.82,Spain
2022-03-27,2580.12,82.67999999999999,67.81,Spain
2022-04-03,1402.08,77.94857142857143,67.26,Spain
2022-04-10,1509.52,81.76428571428572,75.21,Spain
2022-04-17,1550.42,81.59285714285714,80.93,Spain
2022-04-24,2140.57,118.46714285714286,110.37,Spain
2022-05-01,2488.96,124.69142857142857,116.09,Spain
2022-05-08,2521.68,135.2042857142857,133.84,Spain
2022-05-15,2574.39,142.35142857142858,139.66,Spain
2022-05-22,2096.35,144.46142857142857,132.0,Spain
2022-05-29,1648.35,134.17142857142858,113.96,Spain
2022-06-05,1622.82,124.88571428571429,111.04,Spain
2022-06-12,1663.76,124.75571428571428,119.7,Spain
2022-06-19,2001.34,136.8957142857143,133.52,Spain
2022-06-26,2707.49,163.72142857142856,180.03,Spain
2022-07-03,3337.52,206.52857142857144,214.28,Spain
2022-07-10,3055.8,239.87857142857143,227.64,Spain
2022-07-17,2121.36,230.39285714285714,202.7,Spain
2022-07-24,1422.94,201.85999999999999,166.55,Spain
2022-07-31,952.18,163.81428571428572,124.84,Spain
2022-08-07,676.92,124.87285714285714,92.77,Spain
2022-08-14,484.17,101.83571428571429,70.69,Spain
2022-08-21,366.5,84.86285714285714,61.06,Spain
2022-08-28,360.27,68.64571428571428,52.9,Spain
2022-09-04,318.24,58.68571428571429,42.43,Spain
2022-09-11,282.62,50.48571428571428,41.02,Spain
2022-09-18,325.89,47.81428571428571,40.1,Spain
2022-09-25,344.34,43.199999999999996,36.69,Spain
2022-10-02,370.91,45.17857142857143,44.24,Spain
2022-10-09,465.69,54.12714285714286,54.35,Spain
2022-10-16,449.78,62.972857142857144,60.62,Spain
2022-10-23,465.39,65.99857142857142,58.45,Spain
2022-10-30,424.48,65.24714285714286,56.52,Spain
2022-11-06,387.36,64.63428571428572,55.4,Spain
2022-11-13,426.25,65.76571428571428,58.73,Spain
2022-11-20,458.93,74.84571428571428,69.54,Spain
2022-11-27,415.9,74.63,65.16,Spain
2022-12-04,403.4,75.76857142857143,69.66,Spain
2022-12-11,355.21,83.05,70.92,Spain
2022-12-18,410.59,87.98428571428572,72.98,Spain
2022-12-25,355.54,79.1857142857143,63.65,Spain
2023-01-01,309.92,72.57142857142857,63.04,Spain
2023-01-08,264.76,72.23,67.22,Spain
2023-01-15,250.06,67.97142857142858,53.09,Spain
2023-01-22,156.39,56.394285714285715,38.98,Spain
2023-01-29,121.0,45.972857142857144,34.06,Spain
2023-02-05,119.16,39.97714285714286,29.94,Spain
2023-02-12,127.0,37.66285714285714,27.54,Spain
2023-02-19,126.52,36.22857142857143,28.51,Spain
2023-02-26,134.96,37.957142857142856,29.5,Spain
2023-03-05,137.28,36.83,30.7,Spain
2023-03-12,173.24,41.15428571428571,40.43,Spain
2023-03-19,155.16,42.65714285714286,33.08,Spain
2023-03-26,158.42,39.23857142857143,34.25,Spain
2023-04-02,166.47,40.61714285714286,34.44,Spain
2023-04-09,138.35,38.34285714285714,34.99,Spain
2023-04-16,214.89,43.40571428571429,40.31,Spain
2023-04-23,227.21,47.24285714285714,43.88,Spain
2023-04-30,233.82,47.65857142857143,40.79,Spain
2023-05-07,221.69,49.25857142857143,46.28,Spain
2023-05-14,235.47,47.67,41.02,Spain
2023-05-21,230.47,47.83857142857143,40.77,Spain
2023-05-28,235.47,48.142857142857146,40.03,Spain
2023-06-04,186.44,47.18714285714286,37.47,Spain
2023-06-11,143.56,43.59571428571429,29.92,Spain
2023-06-18,113.53,,,Spain
2023-06-25,94.13,,,Spain
2023-07-02,36.88,,,Spain
2023-07-09,0.0,,,Spain
2023-07-16,,,,Spain
2023-07-23,,,,Spain
2023-07-30,,,,Spain
2023-08-06,,,,Spain
2023-08-13,,,,Spain
2023-08-20,,,,Spain
2023-08-27,,,,Spain
2023-09-03,,,,Spain
2023-09-10,,,,Spain
2023-09-17,,,,Spain
2023-09-24,,,,Spain
2023-10-01,,,,Spain
2023-10-08,,,,Spain
2023-10-15,,,,Spain
2023-10-22,,,,Spain
2023-10-29,,,,Spain
2023-11-05,,,,Spain
2023-11-12,,,,Spain
2023-11-19,,,,Spain
2023-11-26,,,,Spain
2023-12-03,,,,Spain
2023-12-10,,,,Spain
2023-12-17,,,,Spain
2023-12-24,,,,Spain
2023-12-31,,,,Spain
2024-01-07,,,,Spain
2024-01-14,,,,Spain
2024-01-21,,,,Spain
2024-01-28,,,,Spain
2024-02-04,,,,Spain
2024-02-11,,,,Spain
2024-02-18,,,,Spain
2024-02-25,,,,Spain
2024-03-03,,,,Spain
2024-03-10,,,,Spain
2024-03-17,,,,Spain
2024-03-24,,,,Spain
2024-03-31,,,,Spain
2024-04-07,,,,Spain
2024-04-14,,,,Spain
2024-04-21,,,,Spain
2024-04-28,,,,Spain
2024-05-05,,,,Spain
2024-05-12,,,,Spain
2024-05-19,,,,Spain
2024-05-26,,,,Spain
2024-06-02,,,,Spain
2024-06-09,,,,Spain
2024-06-16,,,,Spain
2024-06-23,,,,Spain
2024-06-30,,,,Spain
2024-07-07,,,,Spain
2024-07-14,,,,Spain
2024-07-21,,,,Spain
2024-07-28,,,,Spain
2024-08-04,,,,Spain
2024-08-11,,,,Spain
2024-08-18,,,,Spain
2020-01-05,,,,Switzerland
2020-01-12,0.0,,,Switzerland
2020-01-19,0.0,,,Switzerland
2020-01-26,0.0,,,Switzerland
2020-02-02,0.0,,,Switzerland
2020-02-09,0.0,,,Switzerland
2020-02-16,0.0,,,Switzerland
2020-02-23,0.0,,,Switzerland
2020-03-01,5.12,,5.95,Switzerland
2020-03-08,36.4,,12.7,Switzerland
2020-03-15,228.38,,40.16,Switzerland
2020-03-22,720.75,,96.1,Switzerland
2020-03-29,848.48,,134.32,Switzerland
2020-04-05,702.33,179.72285714285712,77.0,Switzerland
2020-04-12,416.51,171.05714285714288,43.36,Switzerland
2020-04-19,224.06,135.29857142857142,25.86,Switzerland
2020-04-26,135.57,101.67857142857143,12.36,Switzerland
2020-05-03,84.05,73.86142857142856,7.55,Switzerland
2020-05-10,46.29,49.03285714285715,3.55,Switzerland
2020-05-17,26.62,34.79571428571428,2.86,Switzerland
2020-05-24,17.63,22.93285714285714,1.94,Switzerland
2020-05-31,14.67,17.11285714285714,2.17,Switzerland
2020-06-07,11.03,13.01,0.57,Switzerland
2020-06-14,15.47,9.462857142857143,0.92,Switzerland
2020-06-21,19.34,7.634285714285714,1.94,Switzerland
2020-06-28,39.58,8.025714285714285,1.94,Switzerland
2020-07-05,76.2,9.168571428571429,4.35,Switzerland
2020-07-12,71.09,8.744285714285715,6.41,Switzerland
2020-07-19,81.89,11.345714285714285,4.12,Switzerland
2020-07-26,92.01,12.322857142857144,6.75,Switzerland
2020-08-02,128.75,14.79142857142857,7.09,Switzerland
2020-08-09,122.84,14.592857142857143,5.72,Switzerland
2020-08-16,174.81,14.319999999999999,6.06,Switzerland
2020-08-23,211.1,13.401428571428571,5.84,Switzerland
2020-08-30,237.03,11.814285714285715,5.03,Switzerland
2020-09-06,276.61,12.715714285714284,8.7,Switzerland
2020-09-13,317.56,13.957142857142857,11.44,Switzerland
2020-09-20,334.73,17.242857142857144,12.24,Switzerland
2020-09-27,261.71,16.934285714285714,13.16,Switzerland
2020-10-04,371.81,18.110000000000003,18.76,Switzerland
2020-10-11,938.79,22.669999999999998,32.72,Switzerland
2020-10-18,2105.05,41.58,74.25,Switzerland
2020-10-25,4350.68,91.36285714285714,139.24,Switzerland
2020-11-01,6301.62,229.3457142857143,186.95,Switzerland
2020-11-08,5896.38,377.13,193.47,Switzerland
2020-11-15,4578.39,418.89,176.54,Switzerland
2020-11-22,3475.25,397.73857142857145,152.4,Switzerland
2020-11-29,2997.89,358.1042857142857,137.98,Switzerland
2020-12-06,3074.21,325.67571428571426,133.97,Switzerland
2020-12-13,3395.4,322.50857142857143,140.38,Switzerland
2020-12-20,3342.74,322.71714285714285,132.26,Switzerland
2020-12-27,2705.24,300.2285714285714,126.77,Switzerland
2021-01-03,2648.83,299.8228571428572,130.54,Switzerland
2021-01-10,2611.64,288.0185714285714,109.6,Switzerland
2021-01-17,1774.19,248.10857142857142,78.71,Switzerland
2021-01-24,1552.29,203.1257142857143,62.35,Switzerland
2021-01-31,1308.44,173.90285714285713,53.32,Switzerland
2021-02-07,1151.82,148.1442857142857,48.51,Switzerland
2021-02-14,915.81,127.99142857142859,37.64,Switzerland
2021-02-21,788.88,115.04857142857144,35.81,Switzerland
2021-02-28,817.89,105.69714285714285,33.41,Switzerland
2021-03-07,858.26,101.74285714285715,39.24,Switzerland
2021-03-14,985.19,98.33,41.19,Switzerland
2021-03-21,1183.89,96.40142857142857,47.14,Switzerland
2021-03-28,1401.7,95.38428571428572,53.77,Switzerland
2021-04-04,1394.19,108.80428571428571,62.12,Switzerland
2021-04-11,1589.71,120.27714285714285,58.35,Switzerland
2021-04-18,1616.21,118.47857142857143,56.29,Switzerland
2021-04-25,1635.2,121.24142857142859,55.83,Switzerland
2021-05-02,1390.21,121.58285714285715,52.97,Switzerland
2021-05-09,1177.18,106.74285714285715,39.01,Switzerland
2021-05-16,905.92,89.77857142857144,27.34,Switzerland
2021-05-23,856.1,73.95714285714287,29.06,Switzerland
2021-05-30,593.94,65.17999999999999,17.73,Switzerland
2021-06-06,419.24,49.47714285714286,13.84,Switzerland
2021-06-13,270.58,37.64,8.92,Switzerland
2021-06-20,145.7,26.560000000000002,5.84,Switzerland
2021-06-27,86.78,19.09142857142857,3.66,Switzerland
2021-07-04,107.6,13.418571428571427,2.17,Switzerland
2021-07-11,222.47,9.644285714285713,3.43,Switzerland
2021-07-18,413.21,9.89,7.55,Switzerland
2021-07-25,553.67,15.884285714285713,10.64,Switzerland
2021-08-01,591.09,19.94142857142857,14.42,Switzerland
2021-08-08,813.0,26.74142857142857,21.05,Switzerland
2021-08-15,1535.23,40.45428571428572,44.39,Switzerland
2021-08-22,2043.86,73.05857142857143,61.44,Switzerland
2021-08-29,2062.29,94.89714285714285,57.2,Switzerland
2021-09-05,2132.46,97.90142857142857,48.62,Switzerland
2021-09-12,2097.32,94.59857142857143,41.99,Switzerland
2021-09-19,1492.69,87.98142857142857,36.61,Switzerland
2021-09-26,1071.75,74.67571428571429,29.18,Switzerland
2021-10-03,884.99,60.53857142857142,21.62,Switzerland
2021-10-10,723.71,49.472857142857144,20.25,Switzerland
2021-10-17,707.67,43.949999999999996,19.68,Switzerland
2021-10-24,983.72,43.441428571428574,22.42,Switzerland
2021-10-31,1271.93,47.30142857142857,29.06,Switzerland
2021-11-07,1907.26,56.028571428571425,36.27,Switzerland
2021-11-14,2758.47,68.84142857142857,49.08,Switzerland
2021-11-21,4150.28,88.40714285714286,70.48,Switzerland
2021-11-28,5715.88,124.34857142857143,85.69,Switzerland
2021-12-05,7093.46,155.6157142857143,101.02,Switzerland
2021-12-12,7375.99,186.40714285714284,104.0,Switzerland
2021-12-19,6896.7,188.72714285714284,92.79,Switzerland
2021-12-26,7386.11,189.95428571428573,97.94,Switzerland
2022-01-02,12139.54,190.73857142857145,93.36,Switzerland
2022-01-09,20503.1,205.6457142857143,105.03,Switzerland
2022-01-16,20925.07,207.04999999999998,93.47,Switzerland
2022-01-23,26601.25,209.43571428571428,102.05,Switzerland
2022-01-30,28296.62,223.42714285714285,109.03,Switzerland
2022-02-06,23347.11,226.25285714285715,106.06,Switzerland
2022-02-13,17622.14,216.3014285714286,91.41,Switzerland
2022-02-20,12796.48,195.4457142857143,77.57,Switzerland
2022-02-27,11820.05,170.50428571428571,69.9,Switzerland
2022-03-06,16632.85,158.2942857142857,92.67,Switzerland
2022-03-13,21423.81,181.79714285714286,109.6,Switzerland
2022-03-20,21240.01,209.3557142857143,114.18,Switzerland
2022-03-27,14429.64,216.0885714285714,96.79,Switzerland
2022-04-03,8048.86,197.70142857142858,80.43,Switzerland
2022-04-10,4708.96,166.56428571428572,54.34,Switzerland
2022-04-17,3607.86,139.84285714285713,45.54,Switzerland
2022-04-24,2579.91,120.96571428571428,35.92,Switzerland
2022-05-01,1965.04,104.55571428571429,24.71,Switzerland
2022-05-08,1515.44,82.89714285714285,21.4,Switzerland
2022-05-15,1289.21,68.30285714285715,19.68,Switzerland
2022-05-22,984.85,47.54571428571428,15.44,Switzerland
2022-05-29,752.94,39.92857142857143,13.62,Switzerland
2022-06-05,1130.89,35.075714285714284,18.08,Switzerland
2022-06-12,1654.31,39.32285714285714,25.4,Switzerland
2022-06-19,2616.64,50.37428571428571,37.3,Switzerland
2022-06-26,3522.22,79.67857142857143,43.82,Switzerland
2022-07-03,4960.2,103.16428571428571,52.97,Switzerland
2022-07-10,6267.5,117.67999999999999,59.38,Switzerland
2022-07-17,5855.66,128.43428571428572,55.03,Switzerland
2022-07-24,4562.35,139.15428571428572,46.79,Switzerland
2022-07-31,3092.63,128.4,38.33,Switzerland
2022-08-07,2278.5,107.02428571428571,30.2,Switzerland
2022-08-14,2177.05,82.50571428571428,26.66,Switzerland
2022-08-21,1910.79,71.14714285714285,24.14,Switzerland
2022-08-28,1742.68,61.61857142857143,21.85,Switzerland
2022-09-04,1692.75,58.85857142857143,20.71,Switzerland
2022-09-11,1557.86,54.63857142857143,25.06,Switzerland
2022-09-18,1583.11,50.74857142857143,21.17,Switzerland
2022-09-25,1724.94,57.90857142857143,31.81,Switzerland
2022-10-02,2620.85,77.88142857142857,44.62,Switzerland
2022-10-09,3859.11,110.57000000000001,54.8,Switzerland
2022-10-16,4234.79,143.12714285714284,60.52,Switzerland
2022-10-23,3600.24,152.11714285714285,51.48,Switzerland
2022-10-30,2812.73,129.80714285714285,43.02,Switzerland
2022-11-06,2430.11,109.52428571428571,32.84,Switzerland
2022-11-13,2337.65,97.34571428571428,39.24,Switzerland
2022-11-20,2427.5,102.96857142857142,42.33,Switzerland
2022-11-27,2221.41,119.73857142857142,40.84,Switzerland
2022-12-04,2119.38,132.25714285714284,44.28,Switzerland
2022-12-11,1901.12,136.52285714285713,42.45,Switzerland
2022-12-18,1566.96,138.0585714285714,38.9,Switzerland
2022-12-25,1333.57,128.0257142857143,29.86,Switzerland
2023-01-01,676.51,115.53857142857143,23.68,Switzerland
2023-01-08,258.75,96.93857142857144,,Switzerland
2023-01-15,155.36,64.05428571428571,,Switzerland
2023-01-22,13.31,45.30571428571428,,Switzerland
2023-01-29,105.32,34.76428571428572,,Switzerland
2023-02-05,96.34,32.621428571428574,,Switzerland
2023-02-12,103.73,35.17285714285715,,Switzerland
2023-02-19,110.44,33.114285714285714,,Switzerland
2023-02-26,138.53,42.44571428571429,,Switzerland
2023-03-05,154.8,44.44,,Switzerland
2023-03-12,169.58,48.93571428571429,,Switzerland
2023-03-19,204.39,60.94714285714286,,Switzerland
2023-03-26,203.02,61.66857142857143,,Switzerland
2023-04-02,180.27,58.92142857142857,,Switzerland
2023-04-09,163.21,53.348571428571425,,Switzerland
2023-04-16,134.21,49.230000000000004,,Switzerland
2023-04-23,126.7,48.705714285714286,,Switzerland
2023-04-30,120.79,43.55714285714286,,Switzerland
2023-05-07,115.56,,,Switzerland
2023-05-14,96.79,,,Switzerland
2023-05-21,66.42,,,Switzerland
2023-05-28,58.23,,,Switzerland
2023-06-04,58.12,,,Switzerland
2023-06-11,43.11,,,Switzerland
2023-06-18,32.07,,,Switzerland
2023-06-25,23.2,,,Switzerland
2023-07-02,20.59,,,Switzerland
2023-07-09,13.42,,,Switzerland
2023-07-16,15.24,,,Switzerland
2023-07-23,17.06,,,Switzerland
2023-07-30,19.9,,,Switzerland
2023-08-06,24.23,,,Switzerland
2023-08-13,29.68,,,Switzerland
2023-08-20,50.73,,,Switzerland
2023-08-27,71.09,,,Switzerland
2023-09-03,75.07,,,Switzerland
2023-09-10,82.35,,,Switzerland
2023-09-17,128.86,,,Switzerland
2023-09-24,107.14,,,Switzerland
2023-10-01,101.0,,,Switzerland
2023-10-08,114.53,,,Switzerland
2023-10-15,138.08,,,Switzerland
2023-10-22,165.72,,,Switzerland
2023-10-29,183.34,,,Switzerland
2023-11-05,248.29,,,Switzerland
2023-11-12,330.29,,,Switzerland
2023-11-19,404.0,,,Switzerland
2023-11-26,394.56,,,Switzerland
2023-12-03,415.94,,,Switzerland
2023-12-10,422.54,,,Switzerland
2023-12-17,412.64,,,Switzerland
2023-12-24,343.03,,,Switzerland
2023-12-31,234.64,,,Switzerland
2024-01-07,170.61,,,Switzerland
2024-01-14,125.79,,,Switzerland
2024-01-21,92.81,,,Switzerland
2024-01-28,69.04,,,Switzerland
2024-02-04,54.94,,,Switzerland
2024-02-11,45.84,,,Switzerland
2024-02-18,34.46,,,Switzerland
2024-02-25,27.3,,,Switzerland
2024-03-03,25.36,,,Switzerland
2024-03-10,17.17,,,Switzerland
2024-03-17,18.2,,,Switzerland
2024-03-24,15.47,,,Switzerland
2024-03-31,14.22,,,Switzerland
2024-04-07,11.6,,,Switzerland
2024-04-14,10.35,,,Switzerland
2024-04-21,9.21,,,Switzerland
2024-04-28,10.58,,,Switzerland
2024-05-05,12.4,,,Switzerland
2024-05-12,14.56,,,Switzerland
2024-05-19,18.31,,,Switzerland
2024-05-26,17.17,,,Switzerland
2024-06-02,20.13,,,Switzerland
2024-06-09,25.14,,,Switzerland
2024-06-16,28.43,,,Switzerland
2024-06-23,39.35,,,Switzerland
2024-06-30,39.58,,,Switzerland
2024-07-07,45.61,,,Switzerland
2024-07-14,56.98,,,Switzerland
2024-07-21,62.56,,,Switzerland
2024-07-28,61.19,,,Switzerland
2024-08-04,48.45,,,Switzerland
2024-08-11,,,,Switzerland
2024-08-18,,,,Switzerland
2020-01-05,,,,United Kingdom
2020-01-12,0.0,,,United Kingdom
2020-01-19,0.0,,,United Kingdom
2020-01-26,0.0,,,United Kingdom
2020-02-02,0.02,,,United Kingdom
2020-02-09,0.29,,,United Kingdom
2020-02-16,0.16,,,United Kingdom
2020-02-23,0.04,,,United Kingdom
2020-03-01,0.48,,,United Kingdom
2020-03-08,4.56,,,United Kingdom
2020-03-15,27.88,,,United Kingdom
2020-03-22,80.01,,,United Kingdom
2020-03-29,235.35,,,United Kingdom
2020-04-05,422.68,,,United Kingdom
2020-04-12,478.59,305.23285714285714,272.64,United Kingdom
2020-04-19,454.23,298.1442857142857,197.6,United Kingdom
2020-04-26,491.44,262.5314285714286,156.34,United Kingdom
2020-05-03,467.16,223.42857142857142,141.68,United Kingdom
2020-05-10,352.41,187.26,110.77,United Kingdom
2020-05-17,293.62,161.03285714285715,93.56,United Kingdom
2020-05-24,247.96,138.07142857142858,79.29,United Kingdom
2020-05-31,171.8,116.76142857142858,65.09,United Kingdom
2020-06-07,130.3,96.86285714285714,55.52,United Kingdom
2020-06-14,103.43,78.14142857142858,44.23,United Kingdom
2020-06-21,101.09,67.03142857142858,38.51,United Kingdom
2020-06-28,77.3,56.778571428571425,33.6,United Kingdom
2020-07-05,62.7,46.027142857142856,23.76,United Kingdom
2020-07-12,62.82,34.73142857142857,19.21,United Kingdom
2020-07-19,63.66,27.762857142857143,16.0,United Kingdom
2020-07-26,72.88,22.791428571428572,14.71,United Kingdom
2020-08-02,81.02,19.237142857142857,12.43,United Kingdom
2020-08-09,94.13,16.518571428571427,12.3,United Kingdom
2020-08-16,114.36,14.727142857142857,10.43,United Kingdom
2020-08-23,113.35,13.231428571428571,9.95,United Kingdom
2020-08-30,129.86,11.884285714285713,11.91,United Kingdom
2020-09-06,227.68,11.592857142857143,13.72,United Kingdom
2020-09-13,331.98,12.188571428571427,20.74,United Kingdom
2020-09-20,379.15,16.647142857142857,27.68,United Kingdom
2020-09-27,651.12,26.517142857142858,38.57,United Kingdom
2020-10-04,1086.99,37.93714285714286,52.22,United Kingdom
2020-10-11,1620.93,57.94857142857143,73.71,United Kingdom
2020-10-18,1761.21,85.29857142857144,102.24,United Kingdom
2020-10-25,2222.98,122.77142857142857,129.39,United Kingdom
2020-11-01,2257.17,166.2242857142857,153.46,United Kingdom
2020-11-08,2379.9,201.28714285714287,161.21,United Kingdom
2020-11-15,2570.87,230.03,182.82,United Kingdom
2020-11-22,2069.73,251.5442857142857,168.02,United Kingdom
2020-11-29,1558.54,244.02857142857144,146.31,United Kingdom
2020-12-06,1542.84,230.90142857142857,148.71,United Kingdom
2020-12-13,2031.23,242.41428571428574,178.95,United Kingdom
2020-12-20,3193.23,274.77000000000004,209.25,United Kingdom
2020-12-27,3565.14,313.0357142857143,246.14,United Kingdom
2021-01-03,5540.07,385.69571428571425,338.44,United Kingdom
2021-01-10,6199.46,477.17285714285714,423.97,United Kingdom
2021-01-17,4662.43,548.5328571428571,420.09,United Kingdom
2021-01-24,3610.22,560.47,375.28,United Kingdom
2021-01-31,2520.93,511.4428571428571,290.29,United Kingdom
2021-02-07,1919.95,432.6385714285715,225.57,United Kingdom
2021-02-14,1378.92,344.5514285714286,169.95,United Kingdom
2021-02-21,1175.83,274.1,136.54,United Kingdom
2021-02-28,901.8,216.6614285714286,97.36,United Kingdom
2021-03-07,608.81,161.11285714285714,71.29,United Kingdom
2021-03-14,591.32,120.02714285714286,53.4,United Kingdom
2021-03-21,559.73,91.01571428571428,43.12,United Kingdom
2021-03-28,557.16,69.01714285714286,33.27,United Kingdom
2021-04-04,397.82,52.73714285714285,24.47,United Kingdom
2021-04-11,298.18,42.25142857142857,22.13,United Kingdom
2021-04-18,254.27,32.425714285714285,17.66,United Kingdom
2021-04-25,245.26,26.352857142857143,15.06,United Kingdom
2021-05-02,220.61,21.035714285714285,12.52,United Kingdom
2021-05-09,212.2,17.5,11.48,United Kingdom
2021-05-16,227.47,15.005714285714287,10.46,United Kingdom
2021-05-23,248.14,13.418571428571429,12.55,United Kingdom
2021-05-30,328.25,13.305714285714286,13.17,United Kingdom
2021-06-06,495.44,13.945714285714287,14.09,United Kingdom
2021-06-13,733.05,15.967142857142857,19.82,United Kingdom
2021-06-20,983.57,19.192857142857143,23.54,United Kingdom
2021-06-27,1576.4,22.607142857142858,26.4,United Kingdom
2021-07-04,2573.74,28.11285714285714,40.01,United Kingdom
2021-07-11,3308.63,40.36142857142857,58.61,United Kingdom
2021-07-18,4741.53,57.48285714285714,76.67,United Kingdom
2021-07-25,3770.95,74.13428571428572,93.08,United Kingdom
2021-08-01,2757.73,87.86142857142856,84.51,United Kingdom
2021-08-08,2843.99,85.08428571428571,79.74,United Kingdom
2021-08-15,2979.74,86.03285714285714,83.99,United Kingdom
2021-08-22,3412.8,93.64142857142858,92.05,United Kingdom
2021-08-29,3590.69,101.35714285714286,97.31,United Kingdom
2021-09-05,3787.31,109.89714285714285,100.16,United Kingdom
2021-09-12,3610.64,117.84714285714286,103.19,United Kingdom
2021-09-19,2981.68,117.16285714285713,87.26,United Kingdom
2021-09-26,3550.34,104.49142857142856,76.36,United Kingdom
2021-10-03,3450.99,97.91571428571429,75.99,United Kingdom
2021-10-10,3736.15,98.81285714285715,81.56,United Kingdom
2021-10-17,4475.01,103.50571428571428,94.21,United Kingdom
2021-10-24,4831.69,118.74,104.22,United Kingdom
2021-10-31,4182.25,131.67857142857142,107.94,United Kingdom
2021-11-07,3688.46,133.56857142857143,96.91,United Kingdom
2021-11-14,3902.91,126.15857142857143,94.2,United Kingdom
2021-11-21,4332.08,118.78857142857143,83.87,United Kingdom
2021-11-28,4415.44,111.28428571428572,79.06,United Kingdom
2021-12-05,4925.23,107.53428571428572,82.8,United Kingdom
2021-12-12,5340.34,107.72,90.62,United Kingdom
2021-12-19,8893.67,110.71571428571428,95.14,United Kingdom
2021-12-26,13519.29,121.08,139.27,United Kingdom
2022-01-02,18951.07,187.36142857142858,229.94,United Kingdom
2022-01-09,19365.58,264.8857142857143,235.6,United Kingdom
2022-01-16,10612.68,286.15999999999997,219.81,United Kingdom
2022-01-23,10710.46,264.7442857142857,187.55,United Kingdom
2022-01-30,10465.92,235.96428571428572,170.98,United Kingdom
2022-02-06,8632.24,212.97142857142856,154.91,United Kingdom
2022-02-13,6163.04,186.44142857142856,134.63,United Kingdom
2022-02-20,4635.72,168.20857142857145,124.99,United Kingdom
2022-02-27,3690.72,156.0914285714286,119.18,United Kingdom
2022-03-06,4066.35,154.29999999999998,142.93,United Kingdom
2022-03-13,6416.73,173.70714285714286,175.1,United Kingdom
2022-03-20,8525.28,211.64142857142858,212.06,United Kingdom
2022-03-27,8893.78,251.60999999999999,238.06,United Kingdom
2022-04-03,7020.77,285.2557142857143,246.69,United Kingdom
2022-04-10,4386.17,293.48285714285714,230.77,United Kingdom
2022-04-17,3078.94,272.3,190.95,United Kingdom
2022-04-24,2151.5,240.54857142857145,147.4,United Kingdom
2022-05-01,1382.66,191.28285714285715,111.57,United Kingdom
2022-05-08,1077.45,156.29714285714286,90.52,United Kingdom
2022-05-15,884.99,124.74571428571429,76.58,United Kingdom
2022-05-22,763.8,98.86285714285714,63.3,United Kingdom
2022-05-29,622.81,80.7942857142857,56.17,United Kingdom
2022-06-05,656.08,72.23428571428572,58.73,United Kingdom
2022-06-12,1090.54,77.35428571428572,78.49,United Kingdom
2022-06-19,1410.46,92.1557142857143,102.18,United Kingdom
2022-06-26,1910.71,120.46857142857142,140.29,United Kingdom
2022-07-03,2349.89,164.1457142857143,180.35,United Kingdom
2022-07-10,2869.24,213.42285714285714,215.51,United Kingdom
2022-07-17,2441.05,244.99142857142857,203.91,United Kingdom
2022-07-24,1618.47,235.76857142857145,175.55,United Kingdom
2022-07-31,1094.38,203.34,134.4,United Kingdom
2022-08-07,835.34,169.2057142857143,112.56,United Kingdom
2022-08-14,669.18,148.02285714285716,101.5,United Kingdom
2022-08-21,519.94,131.0742857142857,82.23,United Kingdom
2022-08-28,431.07,109.75285714285714,69.81,United Kingdom
2022-09-04,428.47,98.61,61.98,United Kingdom
2022-09-11,424.51,89.23714285714287,58.16,United Kingdom
2022-09-18,466.59,83.13285714285713,,United Kingdom
2022-09-25,626.39,95.73857142857142,,United Kingdom
2022-10-02,788.44,128.42000000000002,,United Kingdom
2022-10-09,989.98,166.57571428571427,,United Kingdom
2022-10-16,886.52,180.6257142857143,,United Kingdom
2022-10-23,776.34,175.43857142857146,,United Kingdom
2022-10-30,552.48,155.09857142857143,,United Kingdom
2022-11-06,415.54,123.58857142857143,,United Kingdom
2022-11-13,348.43,100.05714285714285,,United Kingdom
2022-11-20,320.8,89.15285714285714,,United Kingdom
2022-11-27,336.04,84.09285714285714,,United Kingdom
2022-12-04,382.89,89.26,,United Kingdom
2022-12-11,455.39,101.47285714285714,,United Kingdom
2022-12-18,601.49,124.59,,United Kingdom
2022-12-25,713.4,156.89857142857142,,United Kingdom
2023-01-01,610.8,170.7357142857143,,United Kingdom
2023-01-08,489.74,165.76714285714283,,United Kingdom
2023-01-15,286.49,139.1642857142857,,United Kingdom
2023-01-22,207.34,112.96571428571428,,United Kingdom
2023-01-29,242.02,102.86714285714287,,United Kingdom
2023-02-05,310.8,108.21571428571428,,United Kingdom
2023-02-12,340.65,111.59285714285714,,United Kingdom
2023-02-19,410.04,120.53714285714285,,United Kingdom
2023-02-26,408.38,128.00571428571428,,United Kingdom
2023-03-05,399.5,124.92428571428572,,United Kingdom
2023-03-12,431.48,130.33714285714285,,United Kingdom
2023-03-19,489.02,142.75428571428571,,United Kingdom
2023-03-26,464.2,146.43142857142857,,United Kingdom
2023-04-02,369.2,138.37571428571428,,United Kingdom
2023-04-09,247.79,122.70714285714287,,United Kingdom
2023-04-16,218.79,112.2,,United Kingdom
2023-04-23,188.08,96.14142857142858,,United Kingdom
2023-04-30,168.56,83.28714285714285,,United Kingdom
2023-05-07,162.85,76.70714285714287,,United Kingdom
2023-05-14,131.68,65.65571428571428,,United Kingdom
2023-05-21,109.9,55.201428571428565,,United Kingdom
2023-05-28,99.14,47.74857142857143,,United Kingdom
2023-06-04,77.16,42.128571428571426,,United Kingdom
2023-06-11,71.8,37.151428571428575,,United Kingdom
2023-06-18,53.1,33.432857142857145,,United Kingdom
2023-06-25,41.13,25.92142857142857,,United Kingdom
2023-07-02,32.18,20.24857142857143,,United Kingdom
2023-07-09,36.01,17.59857142857143,,United Kingdom
2023-07-16,45.67,,,United Kingdom
2023-07-23,53.07,,,United Kingdom
2023-07-30,68.6,,,United Kingdom
2023-08-06,92.59,,,United Kingdom
2023-08-13,114.07,,,United Kingdom
2023-08-20,125.35,,,United Kingdom
2023-08-27,131.83,,,United Kingdom
2023-09-03,153.58,,,United Kingdom
2023-09-10,204.36,,,United Kingdom
2023-09-17,180.01,,,United Kingdom
2023-09-24,198.92,,,United Kingdom
2023-10-01,255.53,,,United Kingdom
2023-10-08,250.56,,,United Kingdom
2023-10-15,194.49,,,United Kingdom
2023-10-22,135.98,,,United Kingdom
2023-10-29,107.44,,,United Kingdom
2023-11-05,96.76,,,United Kingdom
2023-11-12,71.4,,,United Kingdom
2023-11-19,76.58,,,United Kingdom
2023-11-26,69.39,,,United Kingdom
2023-12-03,79.04,,,United Kingdom
2023-12-10,110.6,,,United Kingdom
2023-12-17,138.78,,,United Kingdom
2023-12-24,156.98,,,United Kingdom
2023-12-31,148.92,,,United Kingdom
2024-01-07,129.73,,,United Kingdom
2024-01-14,99.05,,,United Kingdom
2024-01-21,95.89,,,United Kingdom
2024-01-28,96.76,,,United Kingdom
2024-02-04,75.61,,,United Kingdom
2024-02-11,59.64,,,United Kingdom
2024-02-18,42.2,,,United Kingdom
2024-02-25,29.0,,,United Kingdom
2024-03-03,23.03,,,United Kingdom
2024-03-10,23.51,,,United Kingdom
2024-03-17,25.18,,,United Kingdom
2024-03-24,22.03,,,United Kingdom
2024-03-31,21.36,,,United Kingdom
2024-04-07,23.13,,,United Kingdom
2024-04-14,21.71,,,United Kingdom
2024-04-21,23.83,,,United Kingdom
2024-04-28,30.07,,,United Kingdom
2024-05-05,41.76,,,United Kingdom
2024-05-12,43.25,,,United Kingdom
2024-05-19,38.09,,,United Kingdom
2024-05-26,33.47,,,United Kingdom
2024-06-02,35.39,,,United Kingdom
2024-06-09,42.12,,,United Kingdom
2024-06-16,56.37,,,United Kingdom
2024-06-23,71.03,,,United Kingdom
2024-06-30,71.08,,,United Kingdom
2024-07-07,69.02,,,United Kingdom
2024-07-14,76.49,,,United Kingdom
2024-07-21,73.89,,,United Kingdom
2024-07-28,60.59,,,United Kingdom
2024-08-04,49.87,,,United Kingdom
2024-08-11,,,,United Kingdom
2024-08-18,,,,United Kingdom
2020-01-05,,,,United States
2020-01-12,0.0,,,United States
2020-01-19,0.0,,,United States
2020-01-26,0.02,,,United States
2020-02-02,0.01,,,United States
2020-02-09,0.03,,,United States
2020-02-16,0.01,,,United States
2020-02-23,0.05,,,United States
2020-03-01,0.1,,,United States
2020-03-08,1.14,,,United States
2020-03-15,10.14,,,United States
2020-03-22,80.48,,,United States
2020-03-29,277.85,,,United States
2020-04-05,515.76,,,United States
2020-04-12,641.73,,,United States
2020-04-19,574.32,,,United States
2020-04-26,600.72,,,United States
2020-05-03,581.01,,,United States
2020-05-10,533.61,,,United States
2020-05-17,494.92,,,United States
2020-05-24,486.99,,,United States
2020-05-31,428.76,,,United States
2020-06-07,438.55,,,United States
2020-06-14,444.69,,,United States
2020-06-21,527.1,,,United States
2020-06-28,756.23,,,United States
2020-07-05,1001.85,,,United States
2020-07-12,1148.36,,,United States
2020-07-19,1365.21,,,United States
2020-07-26,1370.0,134.69,99.47,United States
2020-08-02,1262.68,141.27285714285713,113.99,United States
2020-08-09,1100.65,128.91142857142856,97.59,United States
2020-08-16,1061.86,120.05857142857143,93.65,United States
2020-08-23,924.62,109.25714285714285,89.9,United States
2020-08-30,863.59,97.26428571428572,88.46,United States
2020-09-06,864.49,88.99,80.08,United States
2020-09-13,719.17,82.17285714285715,83.96,United States
2020-09-20,822.69,77.29571428571428,71.0,United States
2020-09-27,892.37,77.64285714285714,73.54,United States
2020-10-04,873.55,81.17571428571429,81.6,United States
2020-10-11,978.67,90.42857142857143,99.52,United States
2020-10-18,1134.98,100.75571428571428,109.38,United States
2020-10-25,1315.94,113.6842857142857,122.4,United States
2020-11-01,1637.89,129.82999999999998,139.06,United States
2020-11-08,2313.37,152.70428571428573,169.72,United States
2020-11-15,2942.15,190.5842857142857,211.82,United States
2020-11-22,3441.77,230.43,244.01,United States
2020-11-29,3403.47,259.3157142857143,258.31,United States
2020-12-06,3750.52,287.79857142857145,280.47,United States
2020-12-13,4299.66,308.7642857142857,300.3,United States
2020-12-20,4444.44,329.67428571428576,309.95,United States
2020-12-27,3982.39,343.98285714285714,313.98,United States
2021-01-03,4043.51,363.4557142857143,331.28,United States
2021-01-10,4881.36,378.2642857142857,343.63,United States
2021-01-17,4655.33,371.74142857142857,321.5,United States
2021-01-24,3706.4,336.9785714285714,279.19,United States
2021-01-31,3128.9,292.93142857142857,238.03,United States
2021-02-07,2510.0,249.39714285714285,204.88,United States
2021-02-14,1963.41,207.36142857142858,164.98,United States
2021-02-21,1386.35,172.72857142857143,137.19,United States
2021-02-28,1363.7,144.61142857142858,123.2,United States
2021-03-07,1231.91,120.03999999999999,105.36,United States
2021-03-14,1124.34,106.55999999999999,99.46,United States
2021-03-21,1111.31,100.72,97.55,United States
2021-03-28,1223.36,101.14428571428572,103.41,United States
2021-04-04,1317.47,104.75571428571428,106.78,United States
2021-04-11,1335.01,111.21571428571428,115.87,United States
2021-04-18,1368.0,115.98857142857142,117.91,United States
2021-04-25,1189.03,115.16714285714285,109.65,United States
2021-05-02,990.84,105.89,99.72,United States
2021-05-09,855.92,95.51714285714286,89.23,United States
2021-05-16,683.24,82.77142857142857,76.27,United States
2021-05-23,531.74,70.92285714285715,67.57,United States
2021-05-30,432.79,61.7,58.91,United States
2021-06-06,290.2,51.64857142857143,48.35,United States
2021-06-13,291.52,43.83,43.82,United States
2021-06-20,236.07,38.885714285714286,39.42,United States
2021-06-27,256.6,36.74428571428571,39.53,United States
2021-07-04,284.12,38.082857142857144,43.09,United States
2021-07-11,838.89,44.19857142857143,52.94,United States
2021-07-18,651.7,58.93857142857143,71.16,United States
2021-07-25,1051.22,84.79285714285713,103.65,United States
2021-08-01,1601.85,125.09,148.87,United States
2021-08-08,2175.64,175.17428571428573,197.48,United States
2021-08-15,2595.54,225.49428571428572,235.66,United States
2021-08-22,2986.43,262.6471428571429,255.22,United States
2021-08-29,3205.8,283.10714285714283,256.77,United States
2021-09-05,3350.33,286.3228571428571,252.8,United States
2021-09-12,2994.05,279.9657142857143,237.49,United States
2021-09-19,3037.63,259.84857142857146,213.24,United States
2021-09-26,2495.49,233.3042857142857,184.12,United States
2021-10-03,2212.63,203.70000000000002,158.84,United States
2021-10-10,1996.83,180.04999999999998,145.23,United States
2021-10-17,1704.77,161.21,131.42,United States
2021-10-24,1489.0,143.58285714285714,116.8,United States
2021-10-31,1540.66,130.99142857142857,108.4,United States
2021-11-07,1493.88,122.39999999999999,105.58,United States
2021-11-14,1631.4,123.09142857142857,112.64,United States
2021-11-21,1981.87,131.80285714285714,123.63,United States
2021-11-28,1734.51,142.37857142857143,132.43,United States
2021-12-05,2198.95,158.77714285714288,151.64,United States
2021-12-12,2444.76,177.48142857142855,165.6,United States
2021-12-19,2632.56,185.93571428571428,163.67,United States
2021-12-26,4150.15,194.48857142857145,189.46,United States
2022-01-02,7940.75,263.01,311.26,United States
2022-01-09,13711.36,369.39,419.08,United States
2022-01-16,16545.74,439.2857142857143,453.36,United States
2022-01-23,14765.4,444.32142857142856,419.21,United States
2022-01-30,11094.83,402.6171428571429,365.05,United States
2022-02-06,6408.47,330.57,278.34,United States
2022-02-13,3578.3,253.2357142857143,206.08,United States
2022-02-20,2073.46,183.42857142857142,140.86,United States
2022-02-27,1341.8,131.5142857142857,99.75,United States
2022-03-06,973.58,94.07428571428571,73.21,United States
2022-03-13,686.12,67.51857142857143,53.23,United States
2022-03-20,611.18,50.85142857142857,41.64,United States
2022-03-27,566.47,40.24142857142857,35.6,United States
2022-04-03,569.38,33.17142857142857,30.61,United States
2022-04-10,589.08,30.30857142857143,30.94,United States
2022-04-17,725.96,29.97142857142857,32.68,United States
2022-04-24,880.5,32.52142857142857,38.66,United States
2022-05-01,1108.38,37.57,46.52,United States
2022-05-08,1363.43,43.392857142857146,55.63,United States
2022-05-15,1771.29,50.73142857142857,65.53,United States
2022-05-22,2150.58,60.45142857142857,75.24,United States
2022-05-29,2168.8,65.62857142857142,81.77,United States
2022-06-05,1978.21,71.58714285714287,86.06,United States
2022-06-12,2169.75,74.41857142857144,90.24,United States
2022-06-19,1968.34,76.81285714285715,92.32,United States
2022-06-26,2077.79,80.9742857142857,101.58,United States
2022-07-03,2265.58,88.09714285714287,109.32,United States
2022-07-10,2177.73,97.97428571428573,120.9,United States
2022-07-17,2600.7,107.85142857142857,130.2,United States
2022-07-24,2660.63,114.85428571428572,136.83,United States
2022-07-31,2775.66,116.83285714285715,133.12,United States
2022-08-07,2307.39,115.30285714285715,129.94,United States
2022-08-14,2054.31,110.69142857142857,124.64,United States
2022-08-21,1888.32,104.77,115.68,United States
2022-08-28,1787.02,98.89428571428572,109.73,United States
2022-09-04,1699.28,92.67571428571429,102.45,United States
2022-09-11,1316.15,88.05142857142857,93.78,United States
2022-09-18,1191.39,78.83428571428571,86.46,United States
2022-09-25,1079.61,72.91571428571429,79.83,United States
2022-10-02,940.56,67.89428571428572,72.89,United States
2022-10-09,821.54,65.27428571428571,70.21,United States
2022-10-16,735.74,63.692857142857136,68.54,United States
2022-10-23,830.76,63.61285714285714,68.6,United States
2022-10-30,747.09,64.69571428571429,70.18,United States
2022-11-06,782.66,65.11571428571429,72.02,United States
2022-11-13,828.31,65.74571428571429,71.78,United States
2022-11-20,805.14,65.81,73.63,United States
2022-11-27,878.89,71.63714285714286,82.89,United States
2022-12-04,886.0,87.66,102.21,United States
2022-12-11,1353.37,94.81142857142858,105.88,United States
2022-12-18,1305.91,100.28428571428572,112.61,United States
2022-12-25,1487.43,103.16428571428571,117.08,United States
2023-01-01,1148.36,114.67142857142858,137.39,United States
2023-01-08,1381.16,124.08428571428571,130.07,United States
2023-01-15,1312.0,110.13571428571429,109.73,United States
2023-01-22,901.89,94.49428571428572,93.3,United States
2023-01-29,863.36,82.42,84.22,United States
2023-02-05,835.65,74.70714285714287,78.38,United States
2023-02-12,814.64,70.81571428571428,78.94,United States
2023-02-19,744.79,69.09714285714286,76.34,United States
2023-02-26,782.26,65.88285714285715,71.12,United States
2023-03-05,667.07,61.59285714285714,66.66,United States
2023-03-12,499.49,55.605714285714285,59.23,United States
2023-03-19,370.72,50.08857142857143,53.79,United States
2023-03-26,447.88,46.612857142857145,51.37,United States
2023-04-02,516.37,43.26571428571429,46.92,United States
2023-04-09,302.96,39.037142857142854,42.41,United States
2023-04-16,304.68,35.818571428571424,40.0,United States
2023-04-23,288.31,32.6,34.71,United States
2023-04-30,253.22,28.825714285714287,30.51,United States
2023-05-07,225.94,26.28,29.09,United States
2023-05-14,273.06,24.555714285714288,27.17,United States
2023-05-21,,22.63714285714286,25.05,United States
2023-05-28,,21.178571428571427,23.04,United States
2023-06-04,,20.487142857142857,22.42,United States
2023-06-11,,19.09857142857143,20.65,United States
2023-06-18,,17.93285714285714,20.03,United States
2023-06-25,,16.414285714285715,18.91,United States
2023-07-02,,16.31,19.54,United States
2023-07-09,,16.447142857142858,19.83,United States
2023-07-16,,17.34714285714286,21.66,United States
2023-07-23,,18.740000000000002,24.74,United States
2023-07-30,,21.435714285714283,28.11,United States
2023-08-06,,25.141428571428573,32.81,United States
2023-08-13,,29.465714285714284,39.01,United States
2023-08-20,,34.56428571428572,46.16,United States
2023-08-27,,40.01142857142857,53.74,United States
2023-09-03,,45.044285714285714,58.12,United States
2023-09-10,,49.58714285714286,64.42,United States
2023-09-17,,49.277142857142856,60.39,United States
2023-09-24,,49.23428571428571,61.04,United States
2023-10-01,,47.85857142857143,56.34,United States
2023-10-08,,44.20428571428572,51.06,United States
2023-10-15,,41.26857142857143,48.19,United States
2023-10-22,,40.23857142857143,47.96,United States
2023-10-29,,39.48857142857143,48.51,United States
2023-11-05,,37.99571428571429,45.1,United States
2023-11-12,,40.46,50.14,United States
2023-11-19,,43.13142857142857,53.99,United States
2023-11-26,,47.332857142857144,58.61,United States
2023-12-03,,53.98857142857143,69.25,United States
2023-12-10,,57.521428571428565,70.53,United States
2023-12-17,,61.31285714285714,75.9,United States
2023-12-24,,68.59857142857143,89.49,United States
2023-12-31,,81.37857142857142,106.75,United States
2024-01-07,,90.30142857142857,103.21,United States
2024-01-14,,84.22857142857143,91.41,United States
2024-01-21,,74.80857142857143,75.4,United States
2024-01-28,,65.78857142857143,69.54,United States
2024-02-04,,58.924285714285716,62.93,United States
2024-02-11,,53.73714285714285,59.94,United States
2024-02-18,,50.451428571428565,57.32,United States
2024-02-25,,47.23857142857143,52.54,United States
2024-03-03,,42.48428571428571,46.32,United States
2024-03-10,,36.790000000000006,39.47,United States
2024-03-17,,30.735714285714288,32.15,United States
2024-03-24,,25.725714285714286,27.67,United States
2024-03-31,,22.25714285714286,24.04,United States
2024-04-07,,19.885714285714283,22.06,United States
2024-04-14,,17.97142857142857,19.3,United States
2024-04-21,,15.704285714285716,16.88,United States
2024-04-28,,,,United States
2024-05-05,,,,United States
2024-05-12,,,,United States
2024-05-19,,,,United States
2024-05-26,,,,United States
2024-06-02,,,,United States
2024-06-09,,,,United States
2024-06-16,,,,United States
2024-06-23,,,,United States
2024-06-30,,,,United States
2024-07-07,,,,United States
2024-07-14,,,,United States
2024-07-21,,,,United States
2024-07-28,,,,United States
2024-08-04,,,,United States
2024-08-11,,,,United States
2024-08-18,,,,United States
